,WEEK_PRI,YEAR_PRI,1,2,3,4,NONE,TOTAL,OCURENCE_1,OCURENCE_2,OCURENCE_3,OCURENCE_4
886,1,2000,0.0,0.0,0.0,0.0,17.0,17.0,0,0,0,0
887,1,2001,0.0,0.0,0.0,0.0,18.0,18.0,0,0,0,0
888,1,2002,0.0,0.0,0.0,0.0,1036.0,1036.0,0,0,0,0
889,1,2003,0.0,0.0,0.0,0.0,17.0,17.0,0,0,0,0
890,1,2004,0.0,0.0,0.0,0.0,15.0,15.0,0,0,0,0
891,1,2005,0.0,0.0,0.0,0.0,7.0,7.0,0,0,0,0
892,1,2006,0.0,0.0,0.0,0.0,28.0,28.0,0,0,0,0
0,1,2007,0.0,0.0,1.0,0.0,28.0,29.0,0,0,1,0
1,1,2008,0.0,1.0,0.0,0.0,550.0,551.0,0,1,0,0
2,1,2009,0.0,0.0,0.0,0.0,23.0,23.0,0,0,0,0
3,1,2010,0.0,0.0,0.0,0.0,11.0,11.0,0,0,0,0
4,1,2011,1.0,0.0,0.0,0.0,224.0,225.0,1,0,0,0
5,1,2012,1.0,0.0,0.0,1.0,418.0,420.0,1,0,0,1
6,1,2013,0.0,0.0,0.0,0.0,147.0,147.0,0,0,0,0
7,1,2014,0.0,0.0,0.0,0.0,26.0,26.0,0,0,0,0
8,1,2015,2.0,0.0,0.0,0.0,12.0,14.0,1,0,0,0
9,1,2016,0.0,0.0,0.0,0.0,85.0,85.0,0,0,0,0
10,1,2017,0.0,0.0,0.0,7.0,136.0,143.0,0,0,0,1
11,1,2018,0.0,0.0,0.0,0.0,62.0,62.0,0,0,0,0
12,1,2019,0.0,0.0,0.0,0.0,147.0,147.0,0,0,0,0
13,1,2020,0.0,0.0,0.0,0.0,59.0,59.0,0,0,0,0
14,1,2021,0.0,0.0,0.0,0.0,6.0,6.0,0,0,0,0
15,1,2022,0.0,0.0,0.0,0.0,9.0,9.0,0,0,0,0
16,1,2023,13.0,4.0,0.0,0.0,86.0,103.0,1,1,0,0
893,2,2000,0.0,0.0,0.0,0.0,24.0,24.0,0,0,0,0
894,2,2001,0.0,0.0,0.0,0.0,47.0,47.0,0,0,0,0
895,2,2002,0.0,0.0,0.0,0.0,2465.0,2465.0,0,0,0,0
896,2,2003,0.0,0.0,0.0,0.0,28.0,28.0,0,0,0,0
897,2,2004,0.0,0.0,0.0,0.0,11.0,11.0,0,0,0,0
898,2,2005,0.0,0.0,0.0,0.0,3.0,3.0,0,0,0,0
899,2,2006,0.0,0.0,0.0,0.0,44.0,44.0,0,0,0,0
17,2,2007,0.0,0.0,3.0,0.0,44.0,47.0,0,0,1,0
18,2,2008,0.0,2.0,1.0,0.0,734.0,737.0,0,1,1,0
19,2,2009,0.0,0.0,0.0,0.0,43.0,43.0,0,0,0,0
20,2,2010,0.0,0.0,0.0,0.0,13.0,13.0,0,0,0,0
21,2,2011,2.0,0.0,0.0,0.0,291.0,293.0,1,0,0,0
22,2,2012,3.0,0.0,0.0,4.0,301.0,308.0,1,0,0,1
23,2,2013,0.0,0.0,0.0,5.0,220.0,225.0,0,0,0,1
24,2,2014,0.0,0.0,0.0,1.0,34.0,35.0,0,0,0,1
25,2,2015,0.0,0.0,0.0,0.0,7.0,7.0,0,0,0,0
26,2,2016,0.0,0.0,0.0,1.0,57.0,58.0,0,0,0,1
27,2,2017,0.0,2.0,0.0,6.0,165.0,173.0,0,1,0,1
28,2,2018,0.0,0.0,0.0,0.0,76.0,76.0,0,0,0,0
29,2,2019,0.0,0.0,0.0,0.0,126.0,126.0,0,0,0,0
30,2,2020,0.0,0.0,0.0,0.0,78.0,78.0,0,0,0,0
31,2,2021,0.0,0.0,0.0,0.0,6.0,6.0,0,0,0,0
32,2,2022,0.0,0.0,0.0,0.0,8.0,8.0,0,0,0,0
33,2,2023,13.0,1.0,0.0,0.0,65.0,79.0,1,1,0,0
900,3,2000,0.0,0.0,0.0,0.0,34.0,34.0,0,0,0,0
901,3,2001,0.0,0.0,0.0,0.0,68.0,68.0,0,0,0,0
902,3,2002,0.0,0.0,0.0,0.0,5913.0,5913.0,0,0,0,0
903,3,2003,0.0,0.0,0.0,0.0,34.0,34.0,0,0,0,0
904,3,2004,0.0,0.0,0.0,0.0,5.0,5.0,0,0,0,0
905,3,2005,0.0,0.0,0.0,0.0,2.0,2.0,0,0,0,0
906,3,2006,0.0,0.0,0.0,0.0,75.0,75.0,0,0,0,0
34,3,2007,0.0,0.0,5.0,0.0,61.0,66.0,0,0,1,0
35,3,2008,0.0,0.0,0.0,0.0,944.0,944.0,0,0,0,0
36,3,2009,0.0,0.0,0.0,0.0,33.0,33.0,0,0,0,0
37,3,2010,0.0,0.0,0.0,0.0,15.0,15.0,0,0,0,0
38,3,2011,2.0,0.0,0.0,0.0,288.0,290.0,1,0,0,0
39,3,2012,3.0,0.0,0.0,8.0,278.0,289.0,1,0,0,1
40,3,2013,1.0,0.0,0.0,0.0,222.0,223.0,1,0,0,0
41,3,2014,0.0,0.0,0.0,0.0,29.0,29.0,0,0,0,0
42,3,2015,0.0,0.0,0.0,0.0,15.0,15.0,0,0,0,0
43,3,2016,0.0,0.0,0.0,0.0,75.0,75.0,0,0,0,0
44,3,2017,0.0,0.0,0.0,4.0,159.0,163.0,0,0,0,1
45,3,2018,0.0,0.0,0.0,0.0,97.0,97.0,0,0,0,0
46,3,2019,0.0,0.0,0.0,0.0,152.0,152.0,0,0,0,0
47,3,2020,0.0,0.0,0.0,0.0,63.0,63.0,0,0,0,0
48,3,2021,0.0,0.0,0.0,0.0,6.0,6.0,0,0,0,0
49,3,2022,0.0,0.0,0.0,0.0,9.0,9.0,0,0,0,0
50,3,2023,22.0,1.0,0.0,0.0,92.0,115.0,1,1,0,0
907,4,2000,0.0,0.0,0.0,0.0,37.0,37.0,0,0,0,0
908,4,2001,0.0,0.0,0.0,0.0,194.0,194.0,0,0,0,0
909,4,2002,0.0,0.0,0.0,0.0,6848.0,6848.0,0,0,0,0
910,4,2003,0.0,0.0,0.0,0.0,33.0,33.0,0,0,0,0
911,4,2004,0.0,0.0,0.0,0.0,14.0,14.0,0,0,0,0
912,4,2005,0.0,0.0,0.0,0.0,3.0,3.0,0,0,0,0
913,4,2006,0.0,0.0,0.0,0.0,111.0,111.0,0,0,0,0
51,4,2007,0.0,0.0,0.0,0.0,91.0,91.0,0,0,0,0
52,4,2008,0.0,5.0,0.0,0.0,942.0,947.0,0,1,0,0
53,4,2009,0.0,0.0,0.0,0.0,42.0,42.0,0,0,0,0
54,4,2010,0.0,0.0,0.0,0.0,18.0,18.0,0,0,0,0
55,4,2011,9.0,0.0,0.0,0.0,504.0,513.0,1,0,0,0
56,4,2012,2.0,0.0,0.0,12.0,285.0,299.0,1,0,0,1
57,4,2013,0.0,0.0,0.0,5.0,262.0,267.0,0,0,0,1
58,4,2014,0.0,0.0,0.0,1.0,29.0,30.0,0,0,0,1
59,4,2015,0.0,0.0,0.0,0.0,17.0,17.0,0,0,0,0
60,4,2016,0.0,0.0,0.0,0.0,56.0,56.0,0,0,0,0
61,4,2017,0.0,1.0,0.0,7.0,185.0,193.0,0,1,0,1
62,4,2018,0.0,0.0,0.0,0.0,73.0,73.0,0,0,0,0
63,4,2019,0.0,0.0,0.0,0.0,143.0,143.0,0,0,0,0
64,4,2020,0.0,0.0,0.0,0.0,52.0,52.0,0,0,0,0
65,4,2021,0.0,0.0,0.0,0.0,19.0,19.0,0,0,0,0
66,4,2022,0.0,0.0,0.0,0.0,5.0,5.0,0,0,0,0
67,4,2023,24.0,10.0,0.0,0.0,99.0,133.0,1,1,0,0
914,5,2000,0.0,0.0,0.0,0.0,28.0,28.0,0,0,0,0
915,5,2001,0.0,0.0,0.0,0.0,315.0,315.0,0,0,0,0
916,5,2002,0.0,0.0,0.0,0.0,7269.0,7269.0,0,0,0,0
917,5,2003,0.0,0.0,0.0,0.0,30.0,30.0,0,0,0,0
918,5,2004,0.0,0.0,0.0,0.0,10.0,10.0,0,0,0,0
919,5,2005,0.0,0.0,0.0,0.0,1.0,1.0,0,0,0,0
920,5,2006,0.0,0.0,0.0,0.0,123.0,123.0,0,0,0,0
68,5,2007,0.0,0.0,0.0,0.0,138.0,138.0,0,0,0,0
69,5,2008,0.0,1.0,0.0,0.0,663.0,664.0,0,1,0,0
70,5,2009,0.0,0.0,0.0,0.0,69.0,69.0,0,0,0,0
71,5,2010,0.0,0.0,0.0,0.0,25.0,25.0,0,0,0,0
72,5,2011,4.0,0.0,0.0,0.0,793.0,797.0,1,0,0,0
73,5,2012,2.0,0.0,0.0,11.0,303.0,316.0,1,0,0,1
74,5,2013,0.0,0.0,0.0,0.0,333.0,333.0,0,0,0,0
75,5,2014,0.0,0.0,0.0,0.0,23.0,23.0,0,0,0,0
76,5,2015,1.0,0.0,0.0,0.0,20.0,21.0,1,0,0,0
77,5,2016,0.0,0.0,0.0,0.0,59.0,59.0,0,0,0,0
78,5,2017,0.0,0.0,0.0,0.0,165.0,165.0,0,0,0,0
79,5,2018,0.0,0.0,0.0,0.0,81.0,81.0,0,0,0,0
80,5,2019,0.0,0.0,0.0,0.0,122.0,122.0,0,0,0,0
81,5,2020,0.0,1.0,0.0,0.0,52.0,53.0,0,1,0,0
82,5,2021,0.0,1.0,0.0,0.0,16.0,17.0,0,1,0,0
83,5,2022,1.0,4.0,0.0,0.0,16.0,21.0,1,1,0,0
84,5,2023,45.0,5.0,0.0,0.0,130.0,180.0,1,1,0,0
921,6,2000,0.0,0.0,0.0,0.0,31.0,31.0,0,0,0,0
922,6,2001,0.0,0.0,0.0,0.0,373.0,373.0,0,0,0,0
923,6,2002,0.0,0.0,0.0,0.0,7259.0,7259.0,0,0,0,0
924,6,2003,0.0,0.0,0.0,0.0,42.0,42.0,0,0,0,0
925,6,2004,0.0,0.0,0.0,0.0,5.0,5.0,0,0,0,0
926,6,2005,0.0,0.0,0.0,0.0,5.0,5.0,0,0,0,0
927,6,2006,0.0,0.0,0.0,0.0,116.0,116.0,0,0,0,0
85,6,2007,0.0,0.0,0.0,0.0,155.0,155.0,0,0,0,0
86,6,2008,0.0,4.0,2.0,0.0,824.0,830.0,0,1,1,0
87,6,2009,0.0,0.0,0.0,0.0,65.0,65.0,0,0,0,0
88,6,2010,0.0,0.0,0.0,0.0,20.0,20.0,0,0,0,0
89,6,2011,1.0,0.0,0.0,0.0,1207.0,1208.0,1,0,0,0
90,6,2012,7.0,0.0,0.0,23.0,331.0,361.0,1,0,0,1
91,6,2013,0.0,0.0,0.0,2.0,294.0,296.0,0,0,0,1
92,6,2014,0.0,0.0,0.0,0.0,24.0,24.0,0,0,0,0
93,6,2015,0.0,0.0,0.0,1.0,16.0,17.0,0,0,0,1
94,6,2016,0.0,0.0,0.0,0.0,96.0,96.0,0,0,0,0
95,6,2017,0.0,0.0,0.0,1.0,165.0,166.0,0,0,0,1
96,6,2018,0.0,0.0,0.0,0.0,58.0,58.0,0,0,0,0
97,6,2019,0.0,0.0,0.0,0.0,114.0,114.0,0,0,0,0
98,6,2020,0.0,0.0,0.0,0.0,41.0,41.0,0,0,0,0
99,6,2021,0.0,0.0,0.0,0.0,13.0,13.0,0,0,0,0
100,6,2022,2.0,1.0,0.0,0.0,20.0,23.0,1,1,0,0
101,6,2023,57.0,12.0,0.0,0.0,196.0,265.0,1,1,0,0
928,7,2000,0.0,0.0,0.0,0.0,37.0,37.0,0,0,0,0
929,7,2001,0.0,0.0,0.0,0.0,332.0,332.0,0,0,0,0
930,7,2002,0.0,0.0,0.0,0.0,6594.0,6594.0,0,0,0,0
931,7,2003,0.0,0.0,0.0,0.0,25.0,25.0,0,0,0,0
932,7,2004,0.0,0.0,0.0,0.0,7.0,7.0,0,0,0,0
933,7,2005,0.0,0.0,0.0,0.0,7.0,7.0,0,0,0,0
934,7,2006,0.0,0.0,0.0,0.0,131.0,131.0,0,0,0,0
102,7,2007,0.0,0.0,0.0,0.0,149.0,149.0,0,0,0,0
103,7,2008,0.0,5.0,2.0,0.0,1083.0,1090.0,0,1,1,0
104,7,2009,0.0,0.0,0.0,0.0,31.0,31.0,0,0,0,0
105,7,2010,0.0,0.0,0.0,0.0,29.0,29.0,0,0,0,0
106,7,2011,5.0,2.0,0.0,0.0,1582.0,1589.0,1,1,0,0
107,7,2012,2.0,0.0,1.0,32.0,395.0,430.0,1,0,1,1
108,7,2013,0.0,0.0,0.0,10.0,450.0,460.0,0,0,0,1
109,7,2014,2.0,0.0,0.0,1.0,22.0,25.0,1,0,0,1
110,7,2015,1.0,0.0,0.0,0.0,21.0,22.0,1,0,0,0
111,7,2016,3.0,0.0,0.0,0.0,112.0,115.0,1,0,0,0
112,7,2017,0.0,1.0,0.0,0.0,170.0,171.0,0,1,0,0
113,7,2018,0.0,0.0,0.0,1.0,59.0,60.0,0,0,0,1
114,7,2019,0.0,0.0,0.0,0.0,124.0,124.0,0,0,0,0
115,7,2020,0.0,0.0,0.0,0.0,53.0,53.0,0,0,0,0
116,7,2021,0.0,0.0,0.0,0.0,13.0,13.0,0,0,0,0
117,7,2022,2.0,0.0,0.0,0.0,14.0,16.0,1,0,0,0
118,7,2023,33.0,10.0,0.0,0.0,124.0,167.0,1,1,0,0
935,8,2000,0.0,0.0,0.0,0.0,35.0,35.0,0,0,0,0
936,8,2001,0.0,0.0,0.0,0.0,213.0,213.0,0,0,0,0
937,8,2002,0.0,0.0,0.0,0.0,7377.0,7377.0,0,0,0,0
938,8,2003,0.0,0.0,0.0,0.0,32.0,32.0,0,0,0,0
939,8,2004,0.0,0.0,0.0,0.0,5.0,5.0,0,0,0,0
940,8,2005,0.0,0.0,0.0,0.0,4.0,4.0,0,0,0,0
941,8,2006,0.0,0.0,0.0,0.0,87.0,87.0,0,0,0,0
119,8,2007,0.0,0.0,0.0,0.0,152.0,152.0,0,0,0,0
120,8,2008,0.0,5.0,0.0,0.0,1407.0,1412.0,0,1,0,0
121,8,2009,0.0,0.0,0.0,0.0,18.0,18.0,0,0,0,0
122,8,2010,0.0,1.0,0.0,0.0,29.0,30.0,0,1,0,0
123,8,2011,3.0,1.0,0.0,0.0,1786.0,1790.0,1,1,0,0
124,8,2012,3.0,0.0,0.0,21.0,516.0,540.0,1,0,0,1
125,8,2013,0.0,0.0,0.0,15.0,779.0,794.0,0,0,0,1
126,8,2014,0.0,0.0,0.0,0.0,24.0,24.0,0,0,0,0
127,8,2015,1.0,0.0,0.0,0.0,40.0,41.0,1,0,0,0
128,8,2016,4.0,0.0,0.0,0.0,87.0,91.0,1,0,0,0
129,8,2017,0.0,0.0,0.0,0.0,89.0,89.0,0,0,0,0
130,8,2018,1.0,0.0,0.0,0.0,86.0,87.0,1,0,0,0
131,8,2019,0.0,0.0,0.0,0.0,125.0,125.0,0,0,0,0
132,8,2020,0.0,0.0,0.0,0.0,44.0,44.0,0,0,0,0
133,8,2021,0.0,0.0,0.0,0.0,21.0,21.0,0,0,0,0
134,8,2022,1.0,2.0,0.0,0.0,29.0,32.0,1,1,0,0
135,8,2023,40.0,2.0,0.0,0.0,161.0,203.0,1,1,0,0
942,9,2000,0.0,0.0,0.0,0.0,23.0,23.0,0,0,0,0
943,9,2001,0.0,0.0,0.0,0.0,308.0,308.0,0,0,0,0
944,9,2002,0.0,0.0,0.0,0.0,6929.0,6929.0,0,0,0,0
945,9,2003,0.0,0.0,0.0,0.0,26.0,26.0,0,0,0,0
946,9,2004,0.0,0.0,0.0,0.0,8.0,8.0,0,0,0,0
947,9,2005,0.0,0.0,0.0,0.0,2.0,2.0,0,0,0,0
948,9,2006,0.0,0.0,0.0,0.0,94.0,94.0,0,0,0,0
136,9,2007,0.0,0.0,1.0,0.0,199.0,200.0,0,0,1,0
137,9,2008,0.0,5.0,0.0,0.0,1746.0,1751.0,0,1,0,0
138,9,2009,0.0,0.0,0.0,0.0,28.0,28.0,0,0,0,0
139,9,2010,0.0,0.0,0.0,0.0,33.0,33.0,0,0,0,0
140,9,2011,7.0,0.0,1.0,0.0,1639.0,1647.0,1,0,1,0
141,9,2012,1.0,0.0,0.0,36.0,689.0,726.0,1,0,0,1
142,9,2013,0.0,0.0,0.0,21.0,1392.0,1413.0,0,0,0,1
143,9,2014,0.0,0.0,0.0,0.0,11.0,11.0,0,0,0,0
144,9,2015,0.0,0.0,0.0,0.0,60.0,60.0,0,0,0,0
145,9,2016,0.0,0.0,0.0,0.0,126.0,126.0,0,0,0,0
146,9,2017,0.0,0.0,0.0,0.0,93.0,93.0,0,0,0,0
147,9,2018,0.0,0.0,0.0,1.0,82.0,83.0,0,0,0,1
148,9,2019,0.0,0.0,0.0,0.0,107.0,107.0,0,0,0,0
149,9,2020,0.0,1.0,0.0,0.0,39.0,40.0,0,1,0,0
150,9,2021,0.0,0.0,0.0,0.0,13.0,13.0,0,0,0,0
151,9,2022,0.0,6.0,0.0,0.0,27.0,33.0,0,1,0,0
152,9,2023,104.0,10.0,0.0,0.0,305.0,419.0,1,1,0,0
949,10,2000,0.0,0.0,0.0,0.0,45.0,45.0,0,0,0,0
950,10,2001,0.0,0.0,0.0,0.0,406.0,406.0,0,0,0,0
951,10,2002,0.0,0.0,0.0,0.0,9566.0,9566.0,0,0,0,0
952,10,2003,0.0,0.0,0.0,0.0,27.0,27.0,0,0,0,0
953,10,2004,0.0,0.0,0.0,0.0,14.0,14.0,0,0,0,0
954,10,2005,0.0,0.0,0.0,0.0,4.0,4.0,0,0,0,0
955,10,2006,0.0,0.0,0.0,0.0,146.0,146.0,0,0,0,0
153,10,2007,0.0,0.0,2.0,0.0,223.0,225.0,0,0,1,0
154,10,2008,0.0,9.0,1.0,0.0,2292.0,2302.0,0,1,1,0
155,10,2009,0.0,0.0,0.0,0.0,21.0,21.0,0,0,0,0
156,10,2010,0.0,1.0,0.0,0.0,28.0,29.0,0,1,0,0
157,10,2011,3.0,0.0,0.0,0.0,1753.0,1756.0,1,0,0,0
158,10,2012,2.0,0.0,0.0,36.0,928.0,966.0,1,0,0,1
159,10,2013,0.0,0.0,0.0,11.0,2014.0,2025.0,0,0,0,1
160,10,2014,0.0,0.0,0.0,0.0,10.0,10.0,0,0,0,0
161,10,2015,3.0,0.0,0.0,0.0,69.0,72.0,1,0,0,0
162,10,2016,1.0,0.0,0.0,0.0,118.0,119.0,1,0,0,0
163,10,2017,0.0,0.0,0.0,0.0,91.0,91.0,0,0,0,0
164,10,2018,0.0,0.0,0.0,0.0,134.0,134.0,0,0,0,0
165,10,2019,0.0,0.0,0.0,0.0,157.0,157.0,0,0,0,0
166,10,2020,0.0,0.0,0.0,0.0,49.0,49.0,0,0,0,0
167,10,2021,0.0,0.0,0.0,0.0,20.0,20.0,0,0,0,0
168,10,2022,3.0,8.0,0.0,0.0,43.0,54.0,1,1,0,0
169,10,2023,108.0,24.0,0.0,0.0,298.0,430.0,1,1,0,0
956,11,2000,0.0,0.0,0.0,0.0,42.0,42.0,0,0,0,0
957,11,2001,0.0,0.0,0.0,0.0,406.0,406.0,0,0,0,0
958,11,2002,0.0,0.0,0.0,0.0,8624.0,8624.0,0,0,0,0
959,11,2003,0.0,0.0,0.0,0.0,27.0,27.0,0,0,0,0
960,11,2004,0.0,0.0,0.0,0.0,2.0,2.0,0,0,0,0
961,11,2005,0.0,0.0,0.0,0.0,4.0,4.0,0,0,0,0
962,11,2006,0.0,0.0,0.0,0.0,139.0,139.0,0,0,0,0
170,11,2007,0.0,0.0,0.0,0.0,289.0,289.0,0,0,0,0
171,11,2008,0.0,14.0,2.0,1.0,2696.0,2713.0,0,1,1,1
172,11,2009,0.0,0.0,0.0,0.0,31.0,31.0,0,0,0,0
173,11,2010,0.0,0.0,0.0,0.0,25.0,25.0,0,0,0,0
174,11,2011,6.0,1.0,0.0,0.0,2900.0,2907.0,1,1,0,0
175,11,2012,1.0,0.0,0.0,34.0,1159.0,1194.0,1,0,0,1
176,11,2013,0.0,0.0,0.0,10.0,2734.0,2744.0,0,0,0,1
177,11,2014,0.0,0.0,0.0,0.0,16.0,16.0,0,0,0,0
178,11,2015,1.0,1.0,0.0,0.0,88.0,90.0,1,1,0,0
179,11,2016,2.0,0.0,0.0,0.0,120.0,122.0,1,0,0,0
180,11,2017,0.0,0.0,0.0,0.0,117.0,117.0,0,0,0,0
181,11,2018,0.0,0.0,0.0,0.0,126.0,126.0,0,0,0,0
182,11,2019,0.0,0.0,0.0,0.0,277.0,277.0,0,0,0,0
183,11,2020,1.0,0.0,0.0,0.0,37.0,38.0,1,0,0,0
184,11,2021,0.0,0.0,0.0,0.0,29.0,29.0,0,0,0,0
185,11,2022,0.0,8.0,0.0,0.0,56.0,64.0,0,1,0,0
186,11,2023,128.0,19.0,0.0,0.0,361.0,508.0,1,1,0,0
963,12,2000,0.0,0.0,0.0,0.0,55.0,55.0,0,0,0,0
964,12,2001,0.0,0.0,0.0,0.0,544.0,544.0,0,0,0,0
965,12,2002,0.0,0.0,0.0,0.0,5758.0,5758.0,0,0,0,0
966,12,2003,0.0,0.0,0.0,0.0,16.0,16.0,0,0,0,0
967,12,2004,0.0,0.0,0.0,0.0,3.0,3.0,0,0,0,0
968,12,2005,0.0,0.0,0.0,0.0,1.0,1.0,0,0,0,0
969,12,2006,0.0,0.0,0.0,0.0,154.0,154.0,0,0,0,0
187,12,2007,0.0,0.0,0.0,0.0,297.0,297.0,0,0,0,0
188,12,2008,0.0,3.0,0.0,0.0,2504.0,2507.0,0,1,0,0
189,12,2009,0.0,0.0,0.0,0.0,23.0,23.0,0,0,0,0
190,12,2010,0.0,0.0,0.0,0.0,40.0,40.0,0,0,0,0
191,12,2011,4.0,0.0,0.0,0.0,4579.0,4583.0,1,0,0,0
192,12,2012,2.0,0.0,0.0,30.0,1688.0,1720.0,1,0,0,1
193,12,2013,0.0,0.0,1.0,16.0,2811.0,2828.0,0,0,1,1
194,12,2014,0.0,0.0,0.0,0.0,17.0,17.0,0,0,0,0
195,12,2015,3.0,0.0,0.0,0.0,98.0,101.0,1,0,0,0
196,12,2016,4.0,0.0,0.0,0.0,174.0,178.0,1,0,0,0
197,12,2017,0.0,0.0,0.0,0.0,96.0,96.0,0,0,0,0
198,12,2018,0.0,0.0,0.0,0.0,143.0,143.0,0,0,0,0
199,12,2019,0.0,4.0,0.0,0.0,361.0,365.0,0,1,0,0
200,12,2020,0.0,0.0,0.0,0.0,20.0,20.0,0,0,0,0
201,12,2021,0.0,3.0,0.0,0.0,26.0,29.0,0,1,0,0
202,12,2022,2.0,13.0,0.0,0.0,97.0,112.0,1,1,0,0
203,12,2023,188.0,40.0,0.0,0.0,500.0,728.0,1,1,0,0
970,13,2000,0.0,0.0,0.0,0.0,74.0,74.0,0,0,0,0
971,13,2001,0.0,0.0,0.0,0.0,785.0,785.0,0,0,0,0
972,13,2002,0.0,0.0,0.0,0.0,3678.0,3678.0,0,0,0,0
973,13,2003,0.0,0.0,0.0,0.0,26.0,26.0,0,0,0,0
974,13,2004,0.0,0.0,0.0,0.0,4.0,4.0,0,0,0,0
975,13,2005,0.0,0.0,0.0,0.0,2.0,2.0,0,0,0,0
976,13,2006,0.0,0.0,0.0,0.0,145.0,145.0,0,0,0,0
204,13,2007,0.0,0.0,0.0,0.0,243.0,243.0,0,0,0,0
205,13,2008,0.0,11.0,0.0,0.0,3905.0,3916.0,0,1,0,0
206,13,2009,0.0,0.0,0.0,0.0,9.0,9.0,0,0,0,0
207,13,2010,0.0,0.0,0.0,0.0,31.0,31.0,0,0,0,0
208,13,2011,2.0,0.0,0.0,0.0,4367.0,4369.0,1,0,0,0
209,13,2012,0.0,0.0,0.0,10.0,2188.0,2198.0,0,0,0,1
210,13,2013,1.0,0.0,0.0,8.0,2480.0,2489.0,1,0,0,1
211,13,2014,0.0,0.0,0.0,0.0,16.0,16.0,0,0,0,0
212,13,2015,4.0,0.0,0.0,0.0,144.0,148.0,1,0,0,0
213,13,2016,2.0,0.0,0.0,0.0,296.0,298.0,1,0,0,0
214,13,2017,0.0,0.0,0.0,0.0,92.0,92.0,0,0,0,0
215,13,2018,0.0,0.0,0.0,0.0,177.0,177.0,0,0,0,0
216,13,2019,0.0,0.0,0.0,0.0,536.0,536.0,0,0,0,0
217,13,2020,0.0,0.0,0.0,0.0,28.0,28.0,0,0,0,0
218,13,2021,0.0,1.0,0.0,0.0,32.0,33.0,0,1,0,0
219,13,2022,1.0,15.0,0.0,0.0,82.0,98.0,1,1,0,0
220,13,2023,224.0,27.0,0.0,0.0,497.0,748.0,1,1,0,0
977,14,2000,0.0,0.0,0.0,0.0,80.0,80.0,0,0,0,0
978,14,2001,0.0,0.0,0.0,0.0,1210.0,1210.0,0,0,0,0
979,14,2002,0.0,0.0,0.0,0.0,2448.0,2448.0,0,0,0,0
980,14,2003,0.0,0.0,0.0,0.0,14.0,14.0,0,0,0,0
981,14,2004,0.0,0.0,0.0,0.0,8.0,8.0,0,0,0,0
982,14,2005,0.0,0.0,0.0,0.0,2.0,2.0,0,0,0,0
983,14,2006,0.0,0.0,0.0,0.0,127.0,127.0,0,0,0,0
221,14,2007,0.0,0.0,3.0,0.0,226.0,229.0,0,0,1,0
222,14,2008,0.0,3.0,0.0,0.0,3345.0,3348.0,0,1,0,0
223,14,2009,0.0,0.0,0.0,0.0,17.0,17.0,0,0,0,0
224,14,2010,0.0,0.0,0.0,0.0,32.0,32.0,0,0,0,0
225,14,2011,9.0,0.0,0.0,0.0,4610.0,4619.0,1,0,0,0
226,14,2012,0.0,0.0,0.0,19.0,2345.0,2364.0,0,0,0,1
227,14,2013,0.0,0.0,2.0,21.0,2630.0,2653.0,0,0,1,1
228,14,2014,1.0,0.0,0.0,0.0,16.0,17.0,1,0,0,0
229,14,2015,3.0,0.0,0.0,1.0,232.0,236.0,1,0,0,1
230,14,2016,1.0,0.0,0.0,0.0,353.0,354.0,1,0,0,0
231,14,2017,0.0,0.0,0.0,1.0,89.0,90.0,0,0,0,1
232,14,2018,0.0,1.0,0.0,0.0,221.0,222.0,0,1,0,0
233,14,2019,0.0,0.0,0.0,0.0,775.0,775.0,0,0,0,0
234,14,2020,0.0,0.0,0.0,0.0,27.0,27.0,0,0,0,0
235,14,2021,0.0,2.0,0.0,0.0,48.0,50.0,0,1,0,0
236,14,2022,6.0,29.0,0.0,0.0,109.0,144.0,1,1,0,0
237,14,2023,164.0,27.0,0.0,0.0,534.0,725.0,1,1,0,0
984,15,2000,0.0,0.0,0.0,0.0,91.0,91.0,0,0,0,0
985,15,2001,0.0,0.0,0.0,0.0,1143.0,1143.0,0,0,0,0
986,15,2002,0.0,0.0,0.0,0.0,1426.0,1426.0,0,0,0,0
987,15,2003,0.0,0.0,0.0,0.0,6.0,6.0,0,0,0,0
988,15,2004,0.0,0.0,0.0,0.0,2.0,2.0,0,0,0,0
989,15,2005,0.0,0.0,0.0,0.0,5.0,5.0,0,0,0,0
990,15,2006,0.0,0.0,0.0,0.0,93.0,93.0,0,0,0,0
238,15,2007,0.0,1.0,1.0,0.0,273.0,275.0,0,1,1,0
239,15,2008,0.0,0.0,0.0,0.0,2500.0,2500.0,0,0,0,0
240,15,2009,0.0,0.0,0.0,0.0,12.0,12.0,0,0,0,0
241,15,2010,0.0,1.0,0.0,0.0,33.0,34.0,0,1,0,0
242,15,2011,10.0,1.0,0.0,0.0,3825.0,3836.0,1,1,0,0
243,15,2012,0.0,0.0,0.0,12.0,2891.0,2903.0,0,0,0,1
244,15,2013,1.0,0.0,0.0,15.0,2514.0,2530.0,1,0,0,1
245,15,2014,0.0,0.0,0.0,1.0,18.0,19.0,0,0,0,1
246,15,2015,3.0,0.0,0.0,2.0,208.0,213.0,1,0,0,1
247,15,2016,3.0,0.0,0.0,0.0,274.0,277.0,1,0,0,0
248,15,2017,0.0,0.0,0.0,0.0,73.0,73.0,0,0,0,0
249,15,2018,0.0,0.0,0.0,0.0,210.0,210.0,0,0,0,0
250,15,2019,0.0,0.0,0.0,0.0,878.0,878.0,0,0,0,0
251,15,2020,0.0,0.0,0.0,0.0,16.0,16.0,0,0,0,0
252,15,2021,0.0,1.0,0.0,0.0,49.0,50.0,0,1,0,0
253,15,2022,5.0,17.0,0.0,0.0,108.0,130.0,1,1,0,0
254,15,2023,295.0,27.0,0.0,0.0,564.0,886.0,1,1,0,0
991,16,2000,0.0,0.0,0.0,0.0,103.0,103.0,0,0,0,0
992,16,2001,0.0,0.0,0.0,0.0,1601.0,1601.0,0,0,0,0
993,16,2002,0.0,0.0,0.0,0.0,844.0,844.0,0,0,0,0
994,16,2003,0.0,0.0,0.0,0.0,3.0,3.0,0,0,0,0
995,16,2004,0.0,0.0,0.0,0.0,3.0,3.0,0,0,0,0
996,16,2005,0.0,0.0,0.0,0.0,4.0,4.0,0,0,0,0
997,16,2006,0.0,0.0,0.0,0.0,116.0,116.0,0,0,0,0
255,16,2007,0.0,1.0,3.0,0.0,220.0,224.0,0,1,1,0
256,16,2008,0.0,2.0,0.0,0.0,1887.0,1889.0,0,1,0,0
257,16,2009,0.0,0.0,0.0,0.0,8.0,8.0,0,0,0,0
258,16,2010,0.0,0.0,0.0,0.0,47.0,47.0,0,0,0,0
259,16,2011,4.0,1.0,0.0,0.0,4219.0,4224.0,1,1,0,0
260,16,2012,0.0,0.0,0.0,16.0,3645.0,3661.0,0,0,0,1
261,16,2013,0.0,0.0,0.0,5.0,2631.0,2636.0,0,0,0,1
262,16,2014,0.0,0.0,0.0,0.0,22.0,22.0,0,0,0,0
263,16,2015,2.0,0.0,0.0,0.0,321.0,323.0,1,0,0,0
264,16,2016,0.0,0.0,0.0,0.0,210.0,210.0,0,0,0,0
265,16,2017,0.0,0.0,0.0,0.0,70.0,70.0,0,0,0,0
266,16,2018,1.0,0.0,0.0,0.0,189.0,190.0,1,0,0,0
267,16,2019,0.0,0.0,0.0,0.0,917.0,917.0,0,0,0,0
268,16,2020,0.0,0.0,0.0,0.0,22.0,22.0,0,0,0,0
269,16,2021,0.0,3.0,0.0,0.0,24.0,27.0,0,1,0,0
270,16,2022,4.0,20.0,0.0,0.0,130.0,154.0,1,1,0,0
271,16,2023,244.0,30.0,0.0,0.0,476.0,750.0,1,1,0,0
998,17,2000,0.0,0.0,0.0,0.0,155.0,155.0,0,0,0,0
999,17,2001,0.0,0.0,0.0,0.0,2222.0,2222.0,0,0,0,0
1000,17,2002,0.0,0.0,0.0,0.0,483.0,483.0,0,0,0,0
1001,17,2003,0.0,0.0,0.0,0.0,8.0,8.0,0,0,0,0
1002,17,2004,0.0,0.0,0.0,0.0,3.0,3.0,0,0,0,0
1003,17,2005,0.0,0.0,0.0,0.0,7.0,7.0,0,0,0,0
1004,17,2006,0.0,0.0,0.0,0.0,90.0,90.0,0,0,0,0
272,17,2007,0.0,0.0,1.0,0.0,174.0,175.0,0,0,1,0
273,17,2008,0.0,2.0,0.0,0.0,1341.0,1343.0,0,1,0,0
274,17,2009,0.0,0.0,0.0,0.0,4.0,4.0,0,0,0,0
275,17,2010,0.0,3.0,0.0,0.0,67.0,70.0,0,1,0,0
276,17,2011,7.0,2.0,0.0,0.0,5574.0,5583.0,1,1,0,0
277,17,2012,0.0,0.0,0.0,13.0,3714.0,3727.0,0,0,0,1
278,17,2013,1.0,0.0,1.0,8.0,1874.0,1884.0,1,0,1,1
279,17,2014,0.0,0.0,0.0,0.0,19.0,19.0,0,0,0,0
280,17,2015,4.0,0.0,0.0,1.0,345.0,350.0,1,0,0,1
281,17,2016,0.0,0.0,0.0,0.0,182.0,182.0,0,0,0,0
282,17,2017,0.0,0.0,0.0,1.0,77.0,78.0,0,0,0,1
283,17,2018,0.0,0.0,0.0,0.0,197.0,197.0,0,0,0,0
284,17,2019,0.0,0.0,0.0,0.0,1067.0,1067.0,0,0,0,0
285,17,2020,0.0,0.0,0.0,0.0,17.0,17.0,0,0,0,0
286,17,2021,0.0,0.0,0.0,0.0,42.0,42.0,0,0,0,0
287,17,2022,8.0,37.0,0.0,0.0,169.0,214.0,1,1,0,0
288,17,2023,212.0,34.0,0.0,0.0,564.0,810.0,1,1,0,0
1005,18,2000,0.0,0.0,0.0,0.0,141.0,141.0,0,0,0,0
1006,18,2001,0.0,0.0,0.0,0.0,2538.0,2538.0,0,0,0,0
1007,18,2002,0.0,0.0,0.0,0.0,356.0,356.0,0,0,0,0
1008,18,2003,0.0,0.0,0.0,0.0,9.0,9.0,0,0,0,0
1009,18,2004,0.0,0.0,0.0,0.0,3.0,3.0,0,0,0,0
1010,18,2005,0.0,0.0,0.0,0.0,5.0,5.0,0,0,0,0
1011,18,2006,0.0,0.0,0.0,0.0,116.0,116.0,0,0,0,0
289,18,2007,0.0,1.0,0.0,0.0,284.0,285.0,0,1,0,0
290,18,2008,0.0,2.0,0.0,0.0,836.0,838.0,0,1,0,0
291,18,2009,0.0,0.0,0.0,0.0,5.0,5.0,0,0,0,0
292,18,2010,0.0,0.0,0.0,0.0,78.0,78.0,0,0,0,0
293,18,2011,9.0,1.0,0.0,0.0,4598.0,4608.0,1,1,0,0
294,18,2012,0.0,0.0,0.0,8.0,2860.0,2868.0,0,0,0,1
295,18,2013,0.0,0.0,0.0,7.0,865.0,872.0,0,0,0,1
296,18,2014,0.0,0.0,0.0,0.0,15.0,15.0,0,0,0,0
297,18,2015,8.0,0.0,0.0,0.0,284.0,292.0,1,0,0,0
298,18,2016,0.0,0.0,0.0,0.0,154.0,154.0,0,0,0,0
299,18,2017,0.0,0.0,0.0,0.0,71.0,71.0,0,0,0,0
300,18,2018,0.0,0.0,0.0,0.0,225.0,225.0,0,0,0,0
301,18,2019,0.0,0.0,0.0,0.0,1184.0,1184.0,0,0,0,0
302,18,2020,0.0,0.0,0.0,0.0,15.0,15.0,0,0,0,0
303,18,2021,0.0,1.0,0.0,0.0,20.0,21.0,0,1,0,0
304,18,2022,20.0,35.0,0.0,0.0,246.0,301.0,1,1,0,0
305,18,2023,274.0,32.0,0.0,0.0,657.0,963.0,1,1,0,0
1012,19,2000,0.0,0.0,0.0,0.0,168.0,168.0,0,0,0,0
1013,19,2001,0.0,0.0,0.0,0.0,2196.0,2196.0,0,0,0,0
1014,19,2002,0.0,0.0,0.0,0.0,291.0,291.0,0,0,0,0
1015,19,2003,0.0,0.0,0.0,0.0,4.0,4.0,0,0,0,0
1016,19,2004,0.0,0.0,0.0,0.0,2.0,2.0,0,0,0,0
1017,19,2005,0.0,0.0,0.0,0.0,4.0,4.0,0,0,0,0
1018,19,2006,0.0,0.0,0.0,0.0,79.0,79.0,0,0,0,0
306,19,2007,0.0,0.0,1.0,0.0,306.0,307.0,0,0,1,0
307,19,2008,0.0,0.0,0.0,0.0,576.0,576.0,0,0,0,0
308,19,2009,0.0,0.0,0.0,0.0,7.0,7.0,0,0,0,0
309,19,2010,1.0,1.0,0.0,0.0,52.0,54.0,1,1,0,0
310,19,2011,7.0,0.0,0.0,0.0,4196.0,4203.0,1,0,0,0
311,19,2012,0.0,0.0,0.0,11.0,2536.0,2547.0,0,0,0,1
312,19,2013,0.0,0.0,1.0,6.0,506.0,513.0,0,0,1,1
313,19,2014,0.0,0.0,0.0,0.0,11.0,11.0,0,0,0,0
314,19,2015,4.0,0.0,0.0,1.0,304.0,309.0,1,0,0,1
315,19,2016,1.0,0.0,0.0,0.0,118.0,119.0,1,0,0,0
316,19,2017,0.0,0.0,0.0,0.0,70.0,70.0,0,0,0,0
317,19,2018,0.0,0.0,0.0,1.0,235.0,236.0,0,0,0,1
318,19,2019,0.0,0.0,0.0,0.0,1359.0,1359.0,0,0,0,0
319,19,2020,0.0,0.0,0.0,0.0,18.0,18.0,0,0,0,0
320,19,2021,0.0,2.0,0.0,0.0,33.0,35.0,0,1,0,0
321,19,2022,20.0,52.0,0.0,0.0,262.0,334.0,1,1,0,0
322,19,2023,322.0,39.0,0.0,0.0,632.0,993.0,1,1,0,0
1019,20,2000,0.0,0.0,0.0,0.0,176.0,176.0,0,0,0,0
1020,20,2001,0.0,0.0,0.0,0.0,1457.0,1457.0,0,0,0,0
1021,20,2002,0.0,0.0,0.0,0.0,101.0,101.0,0,0,0,0
1022,20,2003,0.0,0.0,0.0,0.0,8.0,8.0,0,0,0,0
1023,20,2004,0.0,0.0,0.0,0.0,3.0,3.0,0,0,0,0
1024,20,2005,0.0,0.0,0.0,0.0,5.0,5.0,0,0,0,0
1025,20,2006,0.0,0.0,0.0,0.0,56.0,56.0,0,0,0,0
323,20,2007,0.0,0.0,2.0,0.0,227.0,229.0,0,0,1,0
324,20,2008,0.0,2.0,0.0,0.0,337.0,339.0,0,1,0,0
325,20,2009,0.0,0.0,0.0,0.0,4.0,4.0,0,0,0,0
326,20,2010,0.0,0.0,0.0,0.0,67.0,67.0,0,0,0,0
327,20,2011,4.0,0.0,0.0,0.0,3367.0,3371.0,1,0,0,0
328,20,2012,0.0,0.0,0.0,6.0,1851.0,1857.0,0,0,0,1
329,20,2013,0.0,0.0,0.0,4.0,354.0,358.0,0,0,0,1
330,20,2014,0.0,0.0,0.0,0.0,18.0,18.0,0,0,0,0
331,20,2015,2.0,0.0,0.0,0.0,257.0,259.0,1,0,0,0
332,20,2016,0.0,0.0,0.0,0.0,79.0,79.0,0,0,0,0
333,20,2017,0.0,0.0,0.0,0.0,41.0,41.0,0,0,0,0
334,20,2018,0.0,0.0,0.0,0.0,222.0,222.0,0,0,0,0
335,20,2019,0.0,0.0,0.0,0.0,1176.0,1176.0,0,0,0,0
336,20,2020,0.0,0.0,0.0,0.0,6.0,6.0,0,0,0,0
337,20,2021,0.0,3.0,0.0,0.0,46.0,49.0,0,1,0,0
338,20,2022,19.0,16.0,0.0,0.0,212.0,247.0,1,1,0,0
339,20,2023,300.0,17.0,0.0,0.0,572.0,889.0,1,1,0,0
1026,21,2000,0.0,0.0,0.0,0.0,136.0,136.0,0,0,0,0
1027,21,2001,0.0,0.0,0.0,0.0,1178.0,1178.0,0,0,0,0
1028,21,2002,0.0,0.0,0.0,0.0,73.0,73.0,0,0,0,0
1029,21,2003,0.0,0.0,0.0,0.0,3.0,3.0,0,0,0,0
1030,21,2004,0.0,0.0,0.0,0.0,3.0,3.0,0,0,0,0
1031,21,2005,0.0,0.0,0.0,0.0,1.0,1.0,0,0,0,0
1032,21,2006,0.0,0.0,0.0,0.0,57.0,57.0,0,0,0,0
340,21,2007,0.0,0.0,0.0,0.0,217.0,217.0,0,0,0,0
341,21,2008,0.0,0.0,0.0,0.0,205.0,205.0,0,0,0,0
342,21,2009,0.0,0.0,0.0,0.0,7.0,7.0,0,0,0,0
343,21,2010,1.0,0.0,0.0,0.0,54.0,55.0,1,0,0,0
344,21,2011,2.0,0.0,0.0,0.0,2544.0,2546.0,1,0,0,0
345,21,2012,0.0,0.0,0.0,5.0,1592.0,1597.0,0,0,0,1
346,21,2013,0.0,0.0,0.0,1.0,264.0,265.0,0,0,0,1
347,21,2014,0.0,0.0,0.0,0.0,14.0,14.0,0,0,0,0
348,21,2015,2.0,0.0,0.0,3.0,263.0,268.0,1,0,0,1
349,21,2016,0.0,0.0,0.0,0.0,73.0,73.0,0,0,0,0
350,21,2017,0.0,0.0,0.0,0.0,29.0,29.0,0,0,0,0
351,21,2018,0.0,0.0,0.0,0.0,129.0,129.0,0,0,0,0
352,21,2019,0.0,0.0,0.0,0.0,1127.0,1127.0,0,0,0,0
353,21,2020,0.0,0.0,0.0,0.0,6.0,6.0,0,0,0,0
354,21,2021,0.0,1.0,0.0,0.0,35.0,36.0,0,1,0,0
355,21,2022,6.0,12.0,0.0,0.0,242.0,260.0,1,1,0,0
356,21,2023,260.0,27.0,0.0,0.0,456.0,743.0,1,1,0,0
1033,22,2000,0.0,0.0,0.0,0.0,111.0,111.0,0,0,0,0
1034,22,2001,0.0,0.0,0.0,0.0,1223.0,1223.0,0,0,0,0
1035,22,2002,0.0,0.0,0.0,0.0,30.0,30.0,0,0,0,0
1036,22,2003,0.0,0.0,0.0,0.0,6.0,6.0,0,0,0,0
0,22,2004,0.0,0.0,0.0,0.0,0.0,0.0,0,0,0,0
1037,22,2005,0.0,0.0,0.0,0.0,4.0,4.0,0,0,0,0
1038,22,2006,0.0,0.0,0.0,0.0,47.0,47.0,0,0,0,0
357,22,2007,0.0,0.0,0.0,0.0,152.0,152.0,0,0,0,0
358,22,2008,0.0,3.0,0.0,0.0,163.0,166.0,0,1,0,0
359,22,2009,0.0,0.0,0.0,0.0,4.0,4.0,0,0,0,0
360,22,2010,0.0,0.0,0.0,0.0,39.0,39.0,0,0,0,0
361,22,2011,1.0,0.0,0.0,0.0,2160.0,2161.0,1,0,0,0
362,22,2012,0.0,0.0,0.0,5.0,1079.0,1084.0,0,0,0,1
363,22,2013,0.0,0.0,0.0,5.0,153.0,158.0,0,0,0,1
364,22,2014,0.0,0.0,0.0,0.0,8.0,8.0,0,0,0,0
365,22,2015,4.0,0.0,0.0,2.0,265.0,271.0,1,0,0,1
366,22,2016,0.0,0.0,0.0,0.0,84.0,84.0,0,0,0,0
367,22,2017,0.0,0.0,0.0,0.0,41.0,41.0,0,0,0,0
368,22,2018,0.0,0.0,0.0,0.0,137.0,137.0,0,0,0,0
369,22,2019,0.0,0.0,0.0,0.0,900.0,900.0,0,0,0,0
370,22,2020,0.0,0.0,0.0,0.0,6.0,6.0,0,0,0,0
371,22,2021,0.0,2.0,0.0,0.0,30.0,32.0,0,1,0,0
372,22,2022,18.0,18.0,0.0,0.0,165.0,201.0,1,1,0,0
373,22,2023,213.0,28.0,0.0,0.0,469.0,710.0,1,1,0,0
1039,23,2000,0.0,0.0,0.0,0.0,73.0,73.0,0,0,0,0
1040,23,2001,0.0,0.0,0.0,0.0,1206.0,1206.0,0,0,0,0
1041,23,2002,0.0,0.0,0.0,0.0,37.0,37.0,0,0,0,0
1042,23,2003,0.0,0.0,0.0,0.0,1.0,1.0,0,0,0,0
0,23,2004,0.0,0.0,0.0,0.0,0.0,0.0,0,0,0,0
1043,23,2005,0.0,0.0,0.0,0.0,5.0,5.0,0,0,0,0
1044,23,2006,0.0,0.0,0.0,0.0,32.0,32.0,0,0,0,0
374,23,2007,0.0,0.0,0.0,0.0,153.0,153.0,0,0,0,0
375,23,2008,0.0,0.0,0.0,0.0,72.0,72.0,0,0,0,0
376,23,2009,0.0,0.0,0.0,0.0,17.0,17.0,0,0,0,0
377,23,2010,0.0,0.0,0.0,0.0,25.0,25.0,0,0,0,0
378,23,2011,0.0,0.0,0.0,0.0,1321.0,1321.0,0,0,0,0
379,23,2012,2.0,0.0,0.0,2.0,747.0,751.0,1,0,0,1
380,23,2013,0.0,0.0,0.0,2.0,108.0,110.0,0,0,0,1
381,23,2014,0.0,0.0,0.0,0.0,19.0,19.0,0,0,0,0
382,23,2015,0.0,0.0,0.0,0.0,230.0,230.0,0,0,0,0
383,23,2016,0.0,0.0,0.0,0.0,90.0,90.0,0,0,0,0
384,23,2017,0.0,0.0,0.0,0.0,36.0,36.0,0,0,0,0
385,23,2018,0.0,0.0,0.0,0.0,129.0,129.0,0,0,0,0
386,23,2019,0.0,0.0,0.0,0.0,713.0,713.0,0,0,0,0
387,23,2020,0.0,0.0,0.0,0.0,4.0,4.0,0,0,0,0
388,23,2021,0.0,4.0,0.0,0.0,21.0,25.0,0,1,0,0
389,23,2022,5.0,15.0,0.0,0.0,150.0,170.0,1,1,0,0
390,23,2023,157.0,25.0,0.0,0.0,451.0,633.0,1,1,0,0
1045,24,2000,0.0,0.0,0.0,0.0,71.0,71.0,0,0,0,0
1046,24,2001,0.0,0.0,0.0,0.0,815.0,815.0,0,0,0,0
1047,24,2002,0.0,0.0,0.0,0.0,36.0,36.0,0,0,0,0
1048,24,2003,0.0,0.0,0.0,0.0,7.0,7.0,0,0,0,0
1049,24,2004,0.0,0.0,0.0,0.0,4.0,4.0,0,0,0,0
1050,24,2005,0.0,0.0,0.0,0.0,1.0,1.0,0,0,0,0
1051,24,2006,0.0,0.0,0.0,0.0,21.0,21.0,0,0,0,0
391,24,2007,0.0,1.0,0.0,0.0,190.0,191.0,0,1,0,0
392,24,2008,0.0,1.0,0.0,0.0,78.0,79.0,0,1,0,0
393,24,2009,0.0,0.0,0.0,0.0,10.0,10.0,0,0,0,0
394,24,2010,0.0,0.0,0.0,0.0,53.0,53.0,0,0,0,0
395,24,2011,0.0,0.0,0.0,0.0,986.0,986.0,0,0,0,0
396,24,2012,0.0,0.0,0.0,1.0,530.0,531.0,0,0,0,1
397,24,2013,0.0,0.0,0.0,2.0,105.0,107.0,0,0,0,1
398,24,2014,0.0,0.0,0.0,0.0,14.0,14.0,0,0,0,0
399,24,2015,0.0,0.0,0.0,0.0,225.0,225.0,0,0,0,0
400,24,2016,0.0,0.0,0.0,0.0,46.0,46.0,0,0,0,0
401,24,2017,0.0,0.0,0.0,0.0,24.0,24.0,0,0,0,0
402,24,2018,0.0,0.0,0.0,0.0,125.0,125.0,0,0,0,0
403,24,2019,0.0,0.0,0.0,0.0,543.0,543.0,0,0,0,0
404,24,2020,0.0,0.0,0.0,0.0,8.0,8.0,0,0,0,0
405,24,2021,0.0,4.0,0.0,0.0,22.0,26.0,0,1,0,0
406,24,2022,5.0,6.0,0.0,0.0,88.0,99.0,1,1,0,0
407,24,2023,197.0,16.0,0.0,0.0,451.0,664.0,1,1,0,0
1052,25,2000,0.0,0.0,0.0,0.0,46.0,46.0,0,0,0,0
1053,25,2001,0.0,0.0,0.0,0.0,754.0,754.0,0,0,0,0
1054,25,2002,0.0,0.0,0.0,0.0,25.0,25.0,0,0,0,0
1055,25,2003,0.0,0.0,0.0,0.0,1.0,1.0,0,0,0,0
0,25,2004,0.0,0.0,0.0,0.0,0.0,0.0,0,0,0,0
1056,25,2005,0.0,0.0,0.0,0.0,5.0,5.0,0,0,0,0
1057,25,2006,0.0,0.0,0.0,0.0,28.0,28.0,0,0,0,0
408,25,2007,0.0,0.0,0.0,0.0,153.0,153.0,0,0,0,0
409,25,2008,0.0,0.0,0.0,0.0,53.0,53.0,0,0,0,0
410,25,2009,0.0,0.0,0.0,0.0,1.0,1.0,0,0,0,0
411,25,2010,0.0,0.0,0.0,0.0,28.0,28.0,0,0,0,0
412,25,2011,0.0,0.0,0.0,0.0,608.0,608.0,0,0,0,0
413,25,2012,0.0,0.0,0.0,1.0,389.0,390.0,0,0,0,1
414,25,2013,0.0,0.0,0.0,0.0,101.0,101.0,0,0,0,0
415,25,2014,0.0,0.0,0.0,0.0,8.0,8.0,0,0,0,0
416,25,2015,1.0,0.0,0.0,0.0,135.0,136.0,1,0,0,0
417,25,2016,2.0,0.0,0.0,0.0,70.0,72.0,1,0,0,0
418,25,2017,0.0,0.0,0.0,0.0,20.0,20.0,0,0,0,0
419,25,2018,0.0,0.0,0.0,0.0,108.0,108.0,0,0,0,0
420,25,2019,0.0,0.0,0.0,0.0,401.0,401.0,0,0,0,0
421,25,2020,0.0,0.0,0.0,0.0,7.0,7.0,0,0,0,0
422,25,2021,0.0,2.0,0.0,0.0,13.0,15.0,0,1,0,0
423,25,2022,4.0,5.0,0.0,0.0,104.0,113.0,1,1,0,0
424,25,2023,193.0,22.0,0.0,0.0,363.0,578.0,1,1,0,0
1058,26,2000,0.0,0.0,0.0,0.0,23.0,23.0,0,0,0,0
1059,26,2001,0.0,0.0,0.0,0.0,527.0,527.0,0,0,0,0
1060,26,2002,0.0,0.0,0.0,0.0,31.0,31.0,0,0,0,0
1061,26,2003,0.0,0.0,0.0,0.0,1.0,1.0,0,0,0,0
1062,26,2004,0.0,0.0,0.0,0.0,3.0,3.0,0,0,0,0
1063,26,2005,0.0,0.0,0.0,0.0,4.0,4.0,0,0,0,0
1064,26,2006,0.0,0.0,0.0,0.0,16.0,16.0,0,0,0,0
425,26,2007,0.0,1.0,0.0,0.0,117.0,118.0,0,1,0,0
426,26,2008,0.0,0.0,0.0,0.0,23.0,23.0,0,0,0,0
427,26,2009,0.0,0.0,0.0,0.0,8.0,8.0,0,0,0,0
428,26,2010,0.0,0.0,0.0,0.0,35.0,35.0,0,0,0,0
429,26,2011,0.0,0.0,0.0,0.0,495.0,495.0,0,0,0,0
430,26,2012,0.0,0.0,0.0,1.0,236.0,237.0,0,0,0,1
431,26,2013,0.0,0.0,0.0,1.0,78.0,79.0,0,0,0,1
432,26,2014,0.0,0.0,0.0,0.0,11.0,11.0,0,0,0,0
433,26,2015,3.0,0.0,0.0,0.0,125.0,128.0,1,0,0,0
434,26,2016,0.0,0.0,0.0,0.0,95.0,95.0,0,0,0,0
435,26,2017,0.0,0.0,0.0,0.0,16.0,16.0,0,0,0,0
436,26,2018,0.0,0.0,0.0,0.0,127.0,127.0,0,0,0,0
437,26,2019,0.0,0.0,0.0,0.0,359.0,359.0,0,0,0,0
438,26,2020,0.0,0.0,0.0,0.0,6.0,6.0,0,0,0,0
439,26,2021,0.0,3.0,0.0,0.0,23.0,26.0,0,1,0,0
440,26,2022,9.0,6.0,0.0,0.0,77.0,92.0,1,1,0,0
441,26,2023,139.0,15.0,0.0,0.0,274.0,428.0,1,1,0,0
1065,27,2000,0.0,0.0,0.0,0.0,30.0,30.0,0,0,0,0
1066,27,2001,0.0,0.0,0.0,0.0,437.0,437.0,0,0,0,0
1067,27,2002,0.0,0.0,0.0,0.0,18.0,18.0,0,0,0,0
1068,27,2003,0.0,0.0,0.0,0.0,5.0,5.0,0,0,0,0
1069,27,2004,0.0,0.0,0.0,0.0,2.0,2.0,0,0,0,0
1070,27,2005,0.0,0.0,0.0,0.0,7.0,7.0,0,0,0,0
1071,27,2006,0.0,0.0,0.0,0.0,10.0,10.0,0,0,0,0
442,27,2007,0.0,0.0,0.0,0.0,60.0,60.0,0,0,0,0
443,27,2008,0.0,0.0,0.0,0.0,30.0,30.0,0,0,0,0
444,27,2009,0.0,0.0,0.0,0.0,8.0,8.0,0,0,0,0
445,27,2010,1.0,0.0,0.0,0.0,38.0,39.0,1,0,0,0
446,27,2011,1.0,0.0,0.0,0.0,335.0,336.0,1,0,0,0
447,27,2012,0.0,0.0,0.0,0.0,187.0,187.0,0,0,0,0
448,27,2013,0.0,0.0,0.0,0.0,50.0,50.0,0,0,0,0
449,27,2014,0.0,0.0,0.0,0.0,7.0,7.0,0,0,0,0
450,27,2015,1.0,0.0,0.0,0.0,97.0,98.0,1,0,0,0
451,27,2016,0.0,0.0,0.0,0.0,89.0,89.0,0,0,0,0
452,27,2017,0.0,0.0,0.0,0.0,23.0,23.0,0,0,0,0
453,27,2018,0.0,0.0,0.0,0.0,150.0,150.0,0,0,0,0
454,27,2019,0.0,0.0,0.0,0.0,336.0,336.0,0,0,0,0
455,27,2020,0.0,0.0,0.0,0.0,7.0,7.0,0,0,0,0
456,27,2021,1.0,4.0,0.0,0.0,16.0,21.0,1,1,0,0
457,27,2022,6.0,7.0,0.0,0.0,68.0,81.0,1,1,0,0
458,27,2023,108.0,13.0,0.0,0.0,242.0,363.0,1,1,0,0
1072,28,2000,0.0,0.0,0.0,0.0,20.0,20.0,0,0,0,0
1073,28,2001,0.0,0.0,0.0,0.0,274.0,274.0,0,0,0,0
1074,28,2002,0.0,0.0,0.0,0.0,19.0,19.0,0,0,0,0
1075,28,2003,0.0,0.0,0.0,0.0,1.0,1.0,0,0,0,0
1076,28,2004,0.0,0.0,0.0,0.0,1.0,1.0,0,0,0,0
1077,28,2005,0.0,0.0,0.0,0.0,3.0,3.0,0,0,0,0
1078,28,2006,0.0,0.0,0.0,0.0,12.0,12.0,0,0,0,0
459,28,2007,0.0,0.0,0.0,0.0,76.0,76.0,0,0,0,0
460,28,2008,0.0,0.0,0.0,0.0,20.0,20.0,0,0,0,0
461,28,2009,0.0,0.0,0.0,0.0,6.0,6.0,0,0,0,0
462,28,2010,0.0,0.0,0.0,0.0,35.0,35.0,0,0,0,0
463,28,2011,0.0,0.0,0.0,0.0,281.0,281.0,0,0,0,0
464,28,2012,0.0,0.0,0.0,0.0,98.0,98.0,0,0,0,0
465,28,2013,0.0,0.0,0.0,0.0,38.0,38.0,0,0,0,0
466,28,2014,0.0,0.0,0.0,0.0,6.0,6.0,0,0,0,0
467,28,2015,1.0,0.0,0.0,0.0,100.0,101.0,1,0,0,0
468,28,2016,0.0,0.0,0.0,0.0,73.0,73.0,0,0,0,0
469,28,2017,0.0,0.0,0.0,0.0,24.0,24.0,0,0,0,0
470,28,2018,0.0,0.0,0.0,0.0,108.0,108.0,0,0,0,0
471,28,2019,0.0,0.0,0.0,0.0,202.0,202.0,0,0,0,0
472,28,2020,0.0,0.0,0.0,0.0,10.0,10.0,0,0,0,0
473,28,2021,1.0,1.0,0.0,0.0,12.0,14.0,1,1,0,0
474,28,2022,6.0,2.0,0.0,0.0,66.0,74.0,1,1,0,0
475,28,2023,94.0,14.0,0.0,0.0,238.0,346.0,1,1,0,0
1079,29,2000,0.0,0.0,0.0,0.0,18.0,18.0,0,0,0,0
1080,29,2001,0.0,0.0,0.0,0.0,254.0,254.0,0,0,0,0
1081,29,2002,0.0,0.0,0.0,0.0,9.0,9.0,0,0,0,0
1082,29,2003,0.0,0.0,0.0,0.0,6.0,6.0,0,0,0,0
0,29,2004,0.0,0.0,0.0,0.0,0.0,0.0,0,0,0,0
1083,29,2005,0.0,0.0,0.0,0.0,7.0,7.0,0,0,0,0
1084,29,2006,0.0,0.0,0.0,0.0,9.0,9.0,0,0,0,0
476,29,2007,0.0,0.0,0.0,0.0,77.0,77.0,0,0,0,0
477,29,2008,0.0,0.0,0.0,0.0,33.0,33.0,0,0,0,0
478,29,2009,0.0,0.0,0.0,0.0,2.0,2.0,0,0,0,0
479,29,2010,0.0,1.0,0.0,0.0,32.0,33.0,0,1,0,0
480,29,2011,0.0,0.0,0.0,0.0,199.0,199.0,0,0,0,0
481,29,2012,0.0,0.0,0.0,0.0,74.0,74.0,0,0,0,0
482,29,2013,0.0,0.0,0.0,0.0,36.0,36.0,0,0,0,0
483,29,2014,0.0,0.0,0.0,1.0,7.0,8.0,0,0,0,1
484,29,2015,2.0,0.0,0.0,0.0,99.0,101.0,1,0,0,0
485,29,2016,0.0,0.0,0.0,1.0,68.0,69.0,0,0,0,1
486,29,2017,0.0,0.0,0.0,0.0,27.0,27.0,0,0,0,0
487,29,2018,0.0,0.0,0.0,0.0,101.0,101.0,0,0,0,0
488,29,2019,0.0,0.0,0.0,0.0,161.0,161.0,0,0,0,0
489,29,2020,0.0,0.0,0.0,0.0,10.0,10.0,0,0,0,0
490,29,2021,0.0,2.0,0.0,0.0,13.0,15.0,0,1,0,0
491,29,2022,8.0,7.0,0.0,0.0,77.0,92.0,1,1,0,0
492,29,2023,76.0,6.0,0.0,0.0,196.0,278.0,1,1,0,0
1085,30,2000,0.0,0.0,0.0,0.0,18.0,18.0,0,0,0,0
1086,30,2001,0.0,0.0,0.0,0.0,148.0,148.0,0,0,0,0
1087,30,2002,0.0,0.0,0.0,0.0,12.0,12.0,0,0,0,0
1088,30,2003,0.0,0.0,0.0,0.0,2.0,2.0,0,0,0,0
1089,30,2004,0.0,0.0,0.0,0.0,1.0,1.0,0,0,0,0
1090,30,2005,0.0,0.0,0.0,0.0,6.0,6.0,0,0,0,0
1091,30,2006,0.0,0.0,0.0,0.0,7.0,7.0,0,0,0,0
493,30,2007,0.0,1.0,0.0,0.0,79.0,80.0,0,1,0,0
494,30,2008,0.0,0.0,0.0,0.0,40.0,40.0,0,0,0,0
495,30,2009,0.0,0.0,0.0,0.0,2.0,2.0,0,0,0,0
496,30,2010,1.0,0.0,0.0,0.0,61.0,62.0,1,0,0,0
497,30,2011,1.0,0.0,0.0,0.0,183.0,184.0,1,0,0,0
498,30,2012,0.0,0.0,0.0,0.0,50.0,50.0,0,0,0,0
499,30,2013,0.0,0.0,0.0,0.0,15.0,15.0,0,0,0,0
500,30,2014,0.0,0.0,0.0,0.0,3.0,3.0,0,0,0,0
501,30,2015,2.0,0.0,0.0,0.0,79.0,81.0,1,0,0,0
502,30,2016,0.0,0.0,0.0,2.0,62.0,64.0,0,0,0,1
503,30,2017,0.0,0.0,0.0,1.0,21.0,22.0,0,0,0,1
504,30,2018,0.0,0.0,0.0,0.0,87.0,87.0,0,0,0,0
505,30,2019,0.0,0.0,0.0,0.0,107.0,107.0,0,0,0,0
506,30,2020,0.0,0.0,0.0,0.0,9.0,9.0,0,0,0,0
507,30,2021,0.0,0.0,0.0,0.0,8.0,8.0,0,0,0,0
508,30,2022,6.0,6.0,0.0,0.0,53.0,65.0,1,1,0,0
509,30,2023,63.0,8.0,0.0,0.0,155.0,226.0,1,1,0,0
1092,31,2000,0.0,0.0,0.0,0.0,6.0,6.0,0,0,0,0
1093,31,2001,0.0,0.0,0.0,0.0,114.0,114.0,0,0,0,0
1094,31,2002,0.0,0.0,0.0,0.0,11.0,11.0,0,0,0,0
0,31,2003,0.0,0.0,0.0,0.0,0.0,0.0,0,0,0,0
1095,31,2004,0.0,0.0,0.0,0.0,3.0,3.0,0,0,0,0
1096,31,2005,0.0,0.0,0.0,0.0,6.0,6.0,0,0,0,0
1097,31,2006,0.0,0.0,0.0,0.0,11.0,11.0,0,0,0,0
510,31,2007,0.0,0.0,1.0,0.0,60.0,61.0,0,0,1,0
511,31,2008,0.0,0.0,0.0,0.0,9.0,9.0,0,0,0,0
512,31,2009,0.0,0.0,0.0,0.0,3.0,3.0,0,0,0,0
513,31,2010,0.0,0.0,0.0,0.0,49.0,49.0,0,0,0,0
514,31,2011,1.0,0.0,0.0,0.0,126.0,127.0,1,0,0,0
515,31,2012,0.0,0.0,0.0,1.0,83.0,84.0,0,0,0,1
516,31,2013,0.0,0.0,0.0,0.0,20.0,20.0,0,0,0,0
517,31,2014,0.0,0.0,0.0,0.0,7.0,7.0,0,0,0,0
518,31,2015,0.0,0.0,0.0,0.0,59.0,59.0,0,0,0,0
519,31,2016,0.0,0.0,0.0,1.0,46.0,47.0,0,0,0,1
520,31,2017,0.0,0.0,0.0,0.0,28.0,28.0,0,0,0,0
521,31,2018,0.0,0.0,0.0,0.0,54.0,54.0,0,0,0,0
522,31,2019,0.0,0.0,0.0,0.0,116.0,116.0,0,0,0,0
523,31,2020,0.0,0.0,0.0,0.0,6.0,6.0,0,0,0,0
524,31,2021,0.0,0.0,0.0,0.0,8.0,8.0,0,0,0,0
525,31,2022,5.0,5.0,0.0,0.0,40.0,50.0,1,1,0,0
526,31,2023,73.0,7.0,0.0,0.0,169.0,249.0,1,1,0,0
1098,32,2000,0.0,0.0,0.0,0.0,8.0,8.0,0,0,0,0
1099,32,2001,0.0,0.0,0.0,0.0,127.0,127.0,0,0,0,0
1100,32,2002,0.0,0.0,0.0,0.0,10.0,10.0,0,0,0,0
1101,32,2003,0.0,0.0,0.0,0.0,3.0,3.0,0,0,0,0
1102,32,2004,0.0,0.0,0.0,0.0,3.0,3.0,0,0,0,0
1103,32,2005,0.0,0.0,0.0,0.0,11.0,11.0,0,0,0,0
1104,32,2006,0.0,0.0,0.0,0.0,2.0,2.0,0,0,0,0
527,32,2007,0.0,1.0,0.0,0.0,69.0,70.0,0,1,0,0
528,32,2008,0.0,0.0,0.0,0.0,23.0,23.0,0,0,0,0
529,32,2009,0.0,0.0,0.0,0.0,1.0,1.0,0,0,0,0
530,32,2010,0.0,0.0,0.0,0.0,52.0,52.0,0,0,0,0
531,32,2011,0.0,0.0,0.0,0.0,140.0,140.0,0,0,0,0
532,32,2012,0.0,0.0,0.0,1.0,70.0,71.0,0,0,0,1
533,32,2013,0.0,0.0,0.0,0.0,16.0,16.0,0,0,0,0
534,32,2014,0.0,0.0,0.0,0.0,7.0,7.0,0,0,0,0
535,32,2015,1.0,0.0,0.0,0.0,62.0,63.0,1,0,0,0
536,32,2016,0.0,0.0,0.0,0.0,30.0,30.0,0,0,0,0
537,32,2017,0.0,0.0,0.0,0.0,19.0,19.0,0,0,0,0
538,32,2018,0.0,0.0,0.0,0.0,75.0,75.0,0,0,0,0
539,32,2019,0.0,0.0,0.0,0.0,96.0,96.0,0,0,0,0
540,32,2020,0.0,0.0,0.0,0.0,7.0,7.0,0,0,0,0
541,32,2021,0.0,3.0,0.0,0.0,7.0,10.0,0,1,0,0
542,32,2022,4.0,1.0,0.0,0.0,36.0,41.0,1,1,0,0
543,32,2023,42.0,9.0,0.0,0.0,162.0,213.0,1,1,0,0
1105,33,2000,0.0,0.0,0.0,0.0,13.0,13.0,0,0,0,0
1106,33,2001,0.0,0.0,0.0,0.0,111.0,111.0,0,0,0,0
1107,33,2002,0.0,0.0,0.0,0.0,22.0,22.0,0,0,0,0
1108,33,2003,0.0,0.0,0.0,0.0,1.0,1.0,0,0,0,0
1109,33,2004,0.0,0.0,0.0,0.0,4.0,4.0,0,0,0,0
1110,33,2005,0.0,0.0,0.0,0.0,1.0,1.0,0,0,0,0
1111,33,2006,0.0,0.0,0.0,0.0,5.0,5.0,0,0,0,0
544,33,2007,0.0,1.0,0.0,0.0,46.0,47.0,0,1,0,0
545,33,2008,0.0,0.0,0.0,0.0,11.0,11.0,0,0,0,0
546,33,2009,0.0,0.0,0.0,0.0,3.0,3.0,0,0,0,0
547,33,2010,0.0,0.0,0.0,0.0,34.0,34.0,0,0,0,0
548,33,2011,0.0,0.0,0.0,0.0,143.0,143.0,0,0,0,0
549,33,2012,0.0,0.0,0.0,1.0,75.0,76.0,0,0,0,1
550,33,2013,0.0,0.0,0.0,0.0,7.0,7.0,0,0,0,0
551,33,2014,0.0,0.0,0.0,0.0,13.0,13.0,0,0,0,0
552,33,2015,0.0,0.0,0.0,0.0,38.0,38.0,0,0,0,0
553,33,2016,0.0,0.0,0.0,0.0,41.0,41.0,0,0,0,0
554,33,2017,0.0,0.0,0.0,0.0,21.0,21.0,0,0,0,0
555,33,2018,0.0,0.0,0.0,0.0,50.0,50.0,0,0,0,0
556,33,2019,0.0,0.0,0.0,0.0,89.0,89.0,0,0,0,0
557,33,2020,0.0,0.0,0.0,0.0,9.0,9.0,0,0,0,0
558,33,2021,0.0,0.0,0.0,0.0,10.0,10.0,0,0,0,0
559,33,2022,6.0,0.0,0.0,0.0,32.0,38.0,1,0,0,0
560,33,2023,49.0,8.0,0.0,0.0,131.0,188.0,1,1,0,0
1112,34,2000,0.0,0.0,0.0,0.0,8.0,8.0,0,0,0,0
1113,34,2001,0.0,0.0,0.0,0.0,125.0,125.0,0,0,0,0
1114,34,2002,0.0,0.0,0.0,0.0,17.0,17.0,0,0,0,0
0,34,2003,0.0,0.0,0.0,0.0,0.0,0.0,0,0,0,0
1115,34,2004,0.0,0.0,0.0,0.0,1.0,1.0,0,0,0,0
1116,34,2005,0.0,0.0,0.0,0.0,2.0,2.0,0,0,0,0
1117,34,2006,0.0,0.0,0.0,0.0,8.0,8.0,0,0,0,0
561,34,2007,0.0,0.0,0.0,0.0,38.0,38.0,0,0,0,0
562,34,2008,0.0,0.0,0.0,0.0,14.0,14.0,0,0,0,0
563,34,2009,0.0,0.0,0.0,0.0,1.0,1.0,0,0,0,0
564,34,2010,0.0,0.0,0.0,0.0,28.0,28.0,0,0,0,0
565,34,2011,0.0,0.0,0.0,0.0,94.0,94.0,0,0,0,0
566,34,2012,0.0,0.0,0.0,0.0,71.0,71.0,0,0,0,0
567,34,2013,0.0,0.0,0.0,0.0,16.0,16.0,0,0,0,0
568,34,2014,0.0,0.0,0.0,0.0,5.0,5.0,0,0,0,0
569,34,2015,0.0,0.0,0.0,0.0,45.0,45.0,0,0,0,0
570,34,2016,0.0,0.0,0.0,0.0,30.0,30.0,0,0,0,0
571,34,2017,0.0,0.0,0.0,0.0,27.0,27.0,0,0,0,0
572,34,2018,0.0,0.0,0.0,0.0,43.0,43.0,0,0,0,0
573,34,2019,0.0,0.0,0.0,0.0,50.0,50.0,0,0,0,0
574,34,2020,0.0,0.0,0.0,0.0,4.0,4.0,0,0,0,0
575,34,2021,0.0,0.0,0.0,0.0,13.0,13.0,0,0,0,0
576,34,2022,6.0,0.0,0.0,0.0,34.0,40.0,1,0,0,0
577,34,2023,43.0,13.0,0.0,0.0,123.0,179.0,1,1,0,0
1118,35,2000,0.0,0.0,0.0,0.0,7.0,7.0,0,0,0,0
1119,35,2001,0.0,0.0,0.0,0.0,97.0,97.0,0,0,0,0
1120,35,2002,0.0,0.0,0.0,0.0,6.0,6.0,0,0,0,0
1121,35,2003,0.0,0.0,0.0,0.0,1.0,1.0,0,0,0,0
1122,35,2004,0.0,0.0,0.0,0.0,3.0,3.0,0,0,0,0
1123,35,2005,0.0,0.0,0.0,0.0,4.0,4.0,0,0,0,0
1124,35,2006,0.0,0.0,0.0,0.0,3.0,3.0,0,0,0,0
578,35,2007,0.0,0.0,0.0,0.0,58.0,58.0,0,0,0,0
579,35,2008,0.0,0.0,0.0,0.0,8.0,8.0,0,0,0,0
580,35,2009,0.0,2.0,0.0,0.0,3.0,5.0,0,1,0,0
581,35,2010,0.0,0.0,0.0,0.0,21.0,21.0,0,0,0,0
582,35,2011,0.0,0.0,0.0,0.0,85.0,85.0,0,0,0,0
583,35,2012,0.0,0.0,0.0,2.0,32.0,34.0,0,0,0,1
584,35,2013,0.0,0.0,0.0,0.0,6.0,6.0,0,0,0,0
585,35,2014,0.0,0.0,0.0,0.0,9.0,9.0,0,0,0,0
586,35,2015,0.0,0.0,0.0,0.0,27.0,27.0,0,0,0,0
587,35,2016,0.0,0.0,0.0,2.0,33.0,35.0,0,0,0,1
588,35,2017,0.0,0.0,0.0,0.0,24.0,24.0,0,0,0,0
589,35,2018,0.0,0.0,0.0,0.0,39.0,39.0,0,0,0,0
590,35,2019,0.0,0.0,0.0,0.0,49.0,49.0,0,0,0,0
591,35,2020,0.0,0.0,0.0,0.0,6.0,6.0,0,0,0,0
592,35,2021,0.0,0.0,0.0,0.0,12.0,12.0,0,0,0,0
593,35,2022,4.0,0.0,0.0,0.0,36.0,40.0,1,0,0,0
594,35,2023,34.0,8.0,0.0,0.0,121.0,163.0,1,1,0,0
1125,36,2000,0.0,0.0,0.0,0.0,5.0,5.0,0,0,0,0
1126,36,2001,0.0,0.0,0.0,0.0,78.0,78.0,0,0,0,0
1127,36,2002,0.0,0.0,0.0,0.0,6.0,6.0,0,0,0,0
1128,36,2003,0.0,0.0,0.0,0.0,1.0,1.0,0,0,0,0
1129,36,2004,0.0,0.0,0.0,0.0,1.0,1.0,0,0,0,0
1130,36,2005,0.0,0.0,0.0,0.0,2.0,2.0,0,0,0,0
1131,36,2006,0.0,0.0,0.0,0.0,4.0,4.0,0,0,0,0
595,36,2007,0.0,0.0,0.0,0.0,24.0,24.0,0,0,0,0
596,36,2008,0.0,0.0,0.0,0.0,11.0,11.0,0,0,0,0
597,36,2009,0.0,0.0,0.0,0.0,1.0,1.0,0,0,0,0
598,36,2010,0.0,0.0,0.0,0.0,24.0,24.0,0,0,0,0
599,36,2011,0.0,0.0,0.0,0.0,109.0,109.0,0,0,0,0
600,36,2012,0.0,0.0,0.0,0.0,25.0,25.0,0,0,0,0
601,36,2013,0.0,0.0,0.0,0.0,7.0,7.0,0,0,0,0
602,36,2014,0.0,0.0,0.0,0.0,18.0,18.0,0,0,0,0
603,36,2015,0.0,0.0,0.0,0.0,24.0,24.0,0,0,0,0
604,36,2016,0.0,0.0,0.0,0.0,26.0,26.0,0,0,0,0
605,36,2017,0.0,0.0,0.0,0.0,20.0,20.0,0,0,0,0
606,36,2018,0.0,0.0,0.0,0.0,36.0,36.0,0,0,0,0
607,36,2019,0.0,0.0,0.0,0.0,41.0,41.0,0,0,0,0
608,36,2020,0.0,0.0,0.0,0.0,4.0,4.0,0,0,0,0
609,36,2021,0.0,0.0,0.0,0.0,8.0,8.0,0,0,0,0
610,36,2022,2.0,0.0,0.0,0.0,35.0,37.0,1,0,0,0
611,36,2023,13.0,1.0,0.0,0.0,115.0,129.0,1,1,0,0
1132,37,2000,0.0,0.0,0.0,0.0,3.0,3.0,0,0,0,0
1133,37,2001,0.0,0.0,0.0,0.0,85.0,85.0,0,0,0,0
1134,37,2002,0.0,0.0,0.0,0.0,9.0,9.0,0,0,0,0
1135,37,2003,0.0,0.0,0.0,0.0,1.0,1.0,0,0,0,0
1136,37,2004,0.0,0.0,0.0,0.0,1.0,1.0,0,0,0,0
1137,37,2005,0.0,0.0,0.0,0.0,5.0,5.0,0,0,0,0
1138,37,2006,0.0,0.0,0.0,0.0,2.0,2.0,0,0,0,0
612,37,2007,0.0,0.0,0.0,0.0,37.0,37.0,0,0,0,0
613,37,2008,0.0,0.0,0.0,0.0,16.0,16.0,0,0,0,0
0,37,2009,0.0,0.0,0.0,0.0,0.0,0.0,0,0,0,0
614,37,2010,0.0,0.0,0.0,0.0,30.0,30.0,0,0,0,0
615,37,2011,1.0,0.0,0.0,0.0,113.0,114.0,1,0,0,0
616,37,2012,0.0,0.0,0.0,0.0,46.0,46.0,0,0,0,0
617,37,2013,0.0,0.0,0.0,0.0,13.0,13.0,0,0,0,0
618,37,2014,0.0,0.0,0.0,0.0,15.0,15.0,0,0,0,0
619,37,2015,0.0,0.0,0.0,0.0,26.0,26.0,0,0,0,0
620,37,2016,0.0,0.0,0.0,0.0,31.0,31.0,0,0,0,0
621,37,2017,0.0,0.0,0.0,0.0,23.0,23.0,0,0,0,0
622,37,2018,0.0,0.0,0.0,0.0,38.0,38.0,0,0,0,0
623,37,2019,0.0,0.0,0.0,0.0,43.0,43.0,0,0,0,0
624,37,2020,0.0,0.0,0.0,0.0,5.0,5.0,0,0,0,0
625,37,2021,0.0,0.0,0.0,0.0,7.0,7.0,0,0,0,0
626,37,2022,0.0,0.0,0.0,0.0,40.0,40.0,0,0,0,0
627,37,2023,41.0,1.0,0.0,0.0,145.0,187.0,1,1,0,0
1139,38,2000,0.0,0.0,0.0,0.0,11.0,11.0,0,0,0,0
1140,38,2001,0.0,0.0,0.0,0.0,51.0,51.0,0,0,0,0
1141,38,2002,0.0,0.0,0.0,0.0,6.0,6.0,0,0,0,0
1142,38,2003,0.0,0.0,0.0,0.0,2.0,2.0,0,0,0,0
1143,38,2004,0.0,0.0,0.0,0.0,3.0,3.0,0,0,0,0
1144,38,2005,0.0,0.0,0.0,0.0,5.0,5.0,0,0,0,0
1145,38,2006,0.0,0.0,0.0,0.0,5.0,5.0,0,0,0,0
628,38,2007,0.0,0.0,0.0,0.0,39.0,39.0,0,0,0,0
629,38,2008,0.0,0.0,1.0,0.0,5.0,6.0,0,0,1,0
630,38,2009,0.0,0.0,0.0,0.0,2.0,2.0,0,0,0,0
631,38,2010,0.0,0.0,0.0,0.0,22.0,22.0,0,0,0,0
632,38,2011,0.0,0.0,0.0,0.0,171.0,171.0,0,0,0,0
633,38,2012,0.0,0.0,0.0,0.0,47.0,47.0,0,0,0,0
634,38,2013,0.0,0.0,0.0,0.0,3.0,3.0,0,0,0,0
635,38,2014,0.0,0.0,0.0,1.0,15.0,16.0,0,0,0,1
636,38,2015,0.0,0.0,0.0,0.0,21.0,21.0,0,0,0,0
637,38,2016,0.0,0.0,0.0,1.0,26.0,27.0,0,0,0,1
638,38,2017,0.0,0.0,0.0,0.0,41.0,41.0,0,0,0,0
639,38,2018,0.0,0.0,0.0,0.0,42.0,42.0,0,0,0,0
640,38,2019,0.0,0.0,0.0,0.0,51.0,51.0,0,0,0,0
641,38,2020,0.0,0.0,0.0,0.0,7.0,7.0,0,0,0,0
642,38,2021,0.0,0.0,0.0,0.0,3.0,3.0,0,0,0,0
643,38,2022,4.0,0.0,0.0,0.0,27.0,31.0,1,0,0,0
644,38,2023,28.0,3.0,0.0,0.0,159.0,190.0,1,1,0,0
1146,39,2000,0.0,0.0,0.0,0.0,3.0,3.0,0,0,0,0
1147,39,2001,0.0,0.0,0.0,0.0,54.0,54.0,0,0,0,0
1148,39,2002,0.0,0.0,0.0,0.0,12.0,12.0,0,0,0,0
1149,39,2003,0.0,0.0,0.0,0.0,1.0,1.0,0,0,0,0
1150,39,2004,0.0,0.0,0.0,0.0,2.0,2.0,0,0,0,0
1151,39,2005,0.0,0.0,0.0,0.0,2.0,2.0,0,0,0,0
1152,39,2006,0.0,0.0,0.0,0.0,4.0,4.0,0,0,0,0
645,39,2007,0.0,0.0,0.0,0.0,27.0,27.0,0,0,0,0
646,39,2008,0.0,0.0,0.0,0.0,15.0,15.0,0,0,0,0
647,39,2009,0.0,0.0,0.0,0.0,1.0,1.0,0,0,0,0
648,39,2010,0.0,0.0,0.0,0.0,18.0,18.0,0,0,0,0
649,39,2011,0.0,0.0,0.0,0.0,197.0,197.0,0,0,0,0
650,39,2012,0.0,0.0,0.0,0.0,27.0,27.0,0,0,0,0
651,39,2013,0.0,0.0,0.0,0.0,13.0,13.0,0,0,0,0
652,39,2014,0.0,0.0,0.0,1.0,24.0,25.0,0,0,0,1
653,39,2015,1.0,0.0,0.0,0.0,23.0,24.0,1,0,0,0
654,39,2016,0.0,0.0,0.0,0.0,15.0,15.0,0,0,0,0
655,39,2017,0.0,0.0,0.0,0.0,23.0,23.0,0,0,0,0
656,39,2018,0.0,0.0,0.0,0.0,31.0,31.0,0,0,0,0
657,39,2019,0.0,0.0,0.0,0.0,34.0,34.0,0,0,0,0
658,39,2020,0.0,0.0,0.0,0.0,7.0,7.0,0,0,0,0
659,39,2021,0.0,0.0,0.0,0.0,8.0,8.0,0,0,0,0
660,39,2022,2.0,0.0,0.0,0.0,37.0,39.0,1,0,0,0
661,39,2023,32.0,5.0,0.0,0.0,144.0,181.0,1,1,0,0
1153,40,2000,0.0,0.0,0.0,0.0,1.0,1.0,0,0,0,0
1154,40,2001,0.0,0.0,0.0,0.0,82.0,82.0,0,0,0,0
1155,40,2002,0.0,0.0,0.0,0.0,17.0,17.0,0,0,0,0
1156,40,2003,0.0,0.0,0.0,0.0,3.0,3.0,0,0,0,0
1157,40,2004,0.0,0.0,0.0,0.0,2.0,2.0,0,0,0,0
1158,40,2005,0.0,0.0,0.0,0.0,5.0,5.0,0,0,0,0
1159,40,2006,0.0,0.0,0.0,0.0,3.0,3.0,0,0,0,0
662,40,2007,0.0,0.0,0.0,0.0,18.0,18.0,0,0,0,0
663,40,2008,0.0,0.0,0.0,0.0,8.0,8.0,0,0,0,0
664,40,2009,0.0,0.0,0.0,0.0,3.0,3.0,0,0,0,0
665,40,2010,0.0,0.0,0.0,0.0,22.0,22.0,0,0,0,0
666,40,2011,0.0,0.0,0.0,0.0,192.0,192.0,0,0,0,0
667,40,2012,0.0,0.0,0.0,2.0,35.0,37.0,0,0,0,1
668,40,2013,0.0,0.0,0.0,0.0,10.0,10.0,0,0,0,0
669,40,2014,0.0,0.0,0.0,0.0,20.0,20.0,0,0,0,0
670,40,2015,0.0,0.0,0.0,0.0,11.0,11.0,0,0,0,0
671,40,2016,0.0,0.0,0.0,0.0,19.0,19.0,0,0,0,0
672,40,2017,0.0,0.0,0.0,0.0,43.0,43.0,0,0,0,0
673,40,2018,0.0,0.0,0.0,0.0,49.0,49.0,0,0,0,0
674,40,2019,0.0,0.0,0.0,0.0,54.0,54.0,0,0,0,0
675,40,2020,0.0,0.0,0.0,0.0,3.0,3.0,0,0,0,0
676,40,2021,0.0,0.0,0.0,0.0,6.0,6.0,0,0,0,0
677,40,2022,2.0,0.0,0.0,0.0,35.0,37.0,1,0,0,0
678,40,2023,45.0,12.0,0.0,0.0,120.0,177.0,1,1,0,0
1160,41,2000,0.0,0.0,0.0,0.0,5.0,5.0,0,0,0,0
1161,41,2001,0.0,0.0,0.0,0.0,80.0,80.0,0,0,0,0
1162,41,2002,0.0,0.0,0.0,0.0,29.0,29.0,0,0,0,0
1163,41,2003,0.0,0.0,0.0,0.0,4.0,4.0,0,0,0,0
1164,41,2004,0.0,0.0,0.0,0.0,3.0,3.0,0,0,0,0
1165,41,2005,0.0,0.0,0.0,0.0,5.0,5.0,0,0,0,0
1166,41,2006,0.0,0.0,0.0,0.0,3.0,3.0,0,0,0,0
679,41,2007,0.0,0.0,0.0,0.0,25.0,25.0,0,0,0,0
680,41,2008,0.0,0.0,0.0,0.0,10.0,10.0,0,0,0,0
681,41,2009,0.0,0.0,0.0,0.0,2.0,2.0,0,0,0,0
682,41,2010,0.0,0.0,0.0,0.0,21.0,21.0,0,0,0,0
683,41,2011,0.0,0.0,0.0,0.0,215.0,215.0,0,0,0,0
684,41,2012,0.0,0.0,0.0,1.0,24.0,25.0,0,0,0,1
685,41,2013,0.0,0.0,0.0,0.0,6.0,6.0,0,0,0,0
686,41,2014,0.0,0.0,0.0,0.0,13.0,13.0,0,0,0,0
687,41,2015,0.0,0.0,0.0,0.0,15.0,15.0,0,0,0,0
688,41,2016,0.0,0.0,0.0,0.0,19.0,19.0,0,0,0,0
689,41,2017,0.0,0.0,0.0,0.0,40.0,40.0,0,0,0,0
690,41,2018,0.0,0.0,0.0,0.0,31.0,31.0,0,0,0,0
691,41,2019,0.0,0.0,0.0,0.0,49.0,49.0,0,0,0,0
692,41,2020,0.0,0.0,0.0,0.0,7.0,7.0,0,0,0,0
693,41,2021,0.0,0.0,0.0,0.0,6.0,6.0,0,0,0,0
694,41,2022,2.0,1.0,0.0,0.0,38.0,41.0,1,1,0,0
695,41,2023,28.0,3.0,0.0,0.0,125.0,156.0,1,1,0,0
1167,42,2000,0.0,0.0,0.0,0.0,2.0,2.0,0,0,0,0
1168,42,2001,0.0,0.0,0.0,0.0,133.0,133.0,0,0,0,0
1169,42,2002,0.0,0.0,0.0,0.0,21.0,21.0,0,0,0,0
1170,42,2003,0.0,0.0,0.0,0.0,2.0,2.0,0,0,0,0
1171,42,2004,0.0,0.0,0.0,0.0,4.0,4.0,0,0,0,0
1172,42,2005,0.0,0.0,0.0,0.0,4.0,4.0,0,0,0,0
1173,42,2006,0.0,0.0,0.0,0.0,6.0,6.0,0,0,0,0
696,42,2007,0.0,0.0,0.0,0.0,34.0,34.0,0,0,0,0
697,42,2008,0.0,0.0,0.0,0.0,24.0,24.0,0,0,0,0
698,42,2009,0.0,0.0,0.0,0.0,4.0,4.0,0,0,0,0
699,42,2010,0.0,0.0,0.0,0.0,19.0,19.0,0,0,0,0
700,42,2011,1.0,0.0,0.0,0.0,192.0,193.0,1,0,0,0
701,42,2012,0.0,0.0,0.0,0.0,34.0,34.0,0,0,0,0
702,42,2013,0.0,0.0,0.0,0.0,12.0,12.0,0,0,0,0
703,42,2014,0.0,0.0,0.0,0.0,16.0,16.0,0,0,0,0
704,42,2015,0.0,0.0,0.0,0.0,20.0,20.0,0,0,0,0
705,42,2016,0.0,0.0,0.0,0.0,24.0,24.0,0,0,0,0
706,42,2017,0.0,0.0,0.0,0.0,47.0,47.0,0,0,0,0
707,42,2018,0.0,0.0,0.0,0.0,46.0,46.0,0,0,0,0
708,42,2019,0.0,0.0,0.0,0.0,50.0,50.0,0,0,0,0
709,42,2020,0.0,0.0,0.0,0.0,4.0,4.0,0,0,0,0
710,42,2021,0.0,0.0,0.0,0.0,6.0,6.0,0,0,0,0
711,42,2022,2.0,0.0,0.0,0.0,45.0,47.0,1,0,0,0
712,42,2023,30.0,5.0,0.0,0.0,152.0,187.0,1,1,0,0
1174,43,2000,0.0,0.0,0.0,0.0,13.0,13.0,0,0,0,0
1175,43,2001,0.0,0.0,0.0,0.0,93.0,93.0,0,0,0,0
1176,43,2002,0.0,0.0,0.0,0.0,26.0,26.0,0,0,0,0
1177,43,2003,0.0,0.0,0.0,0.0,6.0,6.0,0,0,0,0
1178,43,2004,0.0,0.0,0.0,0.0,2.0,2.0,0,0,0,0
1179,43,2005,0.0,0.0,0.0,0.0,7.0,7.0,0,0,0,0
1180,43,2006,0.0,0.0,0.0,0.0,4.0,4.0,0,0,0,0
713,43,2007,0.0,0.0,0.0,0.0,35.0,35.0,0,0,0,0
714,43,2008,0.0,0.0,0.0,0.0,22.0,22.0,0,0,0,0
715,43,2009,0.0,0.0,0.0,0.0,3.0,3.0,0,0,0,0
716,43,2010,0.0,0.0,0.0,0.0,30.0,30.0,0,0,0,0
717,43,2011,0.0,0.0,0.0,0.0,263.0,263.0,0,0,0,0
718,43,2012,0.0,0.0,0.0,1.0,33.0,34.0,0,0,0,1
719,43,2013,0.0,0.0,0.0,0.0,10.0,10.0,0,0,0,0
720,43,2014,0.0,0.0,0.0,0.0,8.0,8.0,0,0,0,0
721,43,2015,0.0,0.0,0.0,0.0,19.0,19.0,0,0,0,0
722,43,2016,0.0,0.0,0.0,0.0,31.0,31.0,0,0,0,0
723,43,2017,0.0,0.0,0.0,0.0,40.0,40.0,0,0,0,0
724,43,2018,0.0,0.0,0.0,0.0,48.0,48.0,0,0,0,0
725,43,2019,0.0,0.0,0.0,0.0,47.0,47.0,0,0,0,0
726,43,2020,0.0,0.0,0.0,0.0,14.0,14.0,0,0,0,0
727,43,2021,0.0,0.0,0.0,0.0,2.0,2.0,0,0,0,0
728,43,2022,2.0,2.0,0.0,0.0,45.0,49.0,1,1,0,0
729,43,2023,37.0,10.0,0.0,0.0,140.0,187.0,1,1,0,0
1181,44,2000,0.0,0.0,0.0,0.0,5.0,5.0,0,0,0,0
1182,44,2001,0.0,0.0,0.0,0.0,84.0,84.0,0,0,0,0
1183,44,2002,0.0,0.0,0.0,0.0,40.0,40.0,0,0,0,0
1184,44,2003,0.0,0.0,0.0,0.0,12.0,12.0,0,0,0,0
1185,44,2004,0.0,0.0,0.0,0.0,3.0,3.0,0,0,0,0
1186,44,2005,0.0,0.0,0.0,0.0,3.0,3.0,0,0,0,0
1187,44,2006,0.0,0.0,0.0,0.0,3.0,3.0,0,0,0,0
730,44,2007,0.0,1.0,0.0,0.0,50.0,51.0,0,1,0,0
731,44,2008,0.0,0.0,0.0,0.0,17.0,17.0,0,0,0,0
732,44,2009,0.0,0.0,0.0,0.0,5.0,5.0,0,0,0,0
733,44,2010,0.0,0.0,0.0,0.0,44.0,44.0,0,0,0,0
734,44,2011,0.0,0.0,0.0,0.0,231.0,231.0,0,0,0,0
735,44,2012,0.0,0.0,1.0,0.0,40.0,41.0,0,0,1,0
736,44,2013,0.0,0.0,0.0,0.0,17.0,17.0,0,0,0,0
737,44,2014,0.0,0.0,0.0,0.0,16.0,16.0,0,0,0,0
738,44,2015,0.0,0.0,0.0,0.0,29.0,29.0,0,0,0,0
739,44,2016,0.0,0.0,0.0,0.0,23.0,23.0,0,0,0,0
740,44,2017,0.0,0.0,0.0,0.0,25.0,25.0,0,0,0,0
741,44,2018,0.0,0.0,0.0,0.0,36.0,36.0,0,0,0,0
742,44,2019,0.0,0.0,0.0,0.0,27.0,27.0,0,0,0,0
743,44,2020,0.0,0.0,0.0,0.0,4.0,4.0,0,0,0,0
744,44,2021,0.0,0.0,0.0,0.0,4.0,4.0,0,0,0,0
745,44,2022,1.0,0.0,0.0,0.0,45.0,46.0,1,0,0,0
746,44,2023,52.0,11.0,0.0,0.0,150.0,213.0,1,1,0,0
1188,45,2000,0.0,0.0,0.0,0.0,6.0,6.0,0,0,0,0
1189,45,2001,0.0,0.0,0.0,0.0,100.0,100.0,0,0,0,0
1190,45,2002,0.0,0.0,0.0,0.0,38.0,38.0,0,0,0,0
1191,45,2003,0.0,0.0,0.0,0.0,9.0,9.0,0,0,0,0
1192,45,2004,0.0,0.0,0.0,0.0,3.0,3.0,0,0,0,0
1193,45,2005,0.0,0.0,0.0,0.0,10.0,10.0,0,0,0,0
1194,45,2006,0.0,0.0,0.0,0.0,8.0,8.0,0,0,0,0
747,45,2007,0.0,2.0,0.0,0.0,70.0,72.0,0,1,0,0
748,45,2008,0.0,0.0,0.0,0.0,26.0,26.0,0,0,0,0
749,45,2009,0.0,0.0,0.0,0.0,8.0,8.0,0,0,0,0
750,45,2010,0.0,0.0,0.0,0.0,43.0,43.0,0,0,0,0
751,45,2011,0.0,0.0,0.0,0.0,300.0,300.0,0,0,0,0
752,45,2012,0.0,0.0,0.0,0.0,26.0,26.0,0,0,0,0
753,45,2013,0.0,0.0,0.0,0.0,8.0,8.0,0,0,0,0
754,45,2014,1.0,0.0,0.0,0.0,9.0,10.0,1,0,0,0
755,45,2015,0.0,0.0,0.0,0.0,34.0,34.0,0,0,0,0
756,45,2016,0.0,0.0,0.0,0.0,29.0,29.0,0,0,0,0
757,45,2017,0.0,0.0,0.0,0.0,36.0,36.0,0,0,0,0
758,45,2018,0.0,0.0,0.0,0.0,51.0,51.0,0,0,0,0
759,45,2019,0.0,0.0,0.0,0.0,52.0,52.0,0,0,0,0
760,45,2020,0.0,0.0,0.0,0.0,5.0,5.0,0,0,0,0
761,45,2021,0.0,0.0,0.0,0.0,3.0,3.0,0,0,0,0
762,45,2022,1.0,0.0,0.0,0.0,56.0,57.0,1,0,0,0
763,45,2023,87.0,18.0,0.0,0.0,212.0,317.0,1,1,0,0
1195,46,2000,0.0,0.0,0.0,0.0,5.0,5.0,0,0,0,0
1196,46,2001,0.0,0.0,0.0,0.0,110.0,110.0,0,0,0,0
1197,46,2002,0.0,0.0,0.0,0.0,85.0,85.0,0,0,0,0
1198,46,2003,0.0,0.0,0.0,0.0,15.0,15.0,0,0,0,0
1199,46,2004,0.0,0.0,0.0,0.0,5.0,5.0,0,0,0,0
1200,46,2005,0.0,0.0,0.0,0.0,6.0,6.0,0,0,0,0
1201,46,2006,0.0,0.0,0.0,0.0,6.0,6.0,0,0,0,0
764,46,2007,0.0,0.0,1.0,0.0,87.0,88.0,0,0,1,0
765,46,2008,0.0,0.0,0.0,0.0,37.0,37.0,0,0,0,0
766,46,2009,0.0,0.0,0.0,0.0,4.0,4.0,0,0,0,0
767,46,2010,1.0,0.0,1.0,0.0,49.0,51.0,1,0,1,0
768,46,2011,1.0,0.0,0.0,0.0,278.0,279.0,1,0,0,0
769,46,2012,0.0,0.0,0.0,0.0,17.0,17.0,0,0,0,0
770,46,2013,0.0,0.0,0.0,0.0,8.0,8.0,0,0,0,0
771,46,2014,1.0,0.0,0.0,0.0,16.0,17.0,1,0,0,0
772,46,2015,0.0,0.0,0.0,0.0,38.0,38.0,0,0,0,0
773,46,2016,0.0,0.0,0.0,1.0,45.0,46.0,0,0,0,1
774,46,2017,0.0,0.0,0.0,0.0,35.0,35.0,0,0,0,0
775,46,2018,0.0,0.0,0.0,0.0,50.0,50.0,0,0,0,0
776,46,2019,0.0,0.0,0.0,0.0,37.0,37.0,0,0,0,0
777,46,2020,0.0,0.0,0.0,0.0,7.0,7.0,0,0,0,0
778,46,2021,0.0,0.0,0.0,0.0,16.0,16.0,0,0,0,0
779,46,2022,1.0,1.0,0.0,0.0,32.0,34.0,1,1,0,0
780,46,2023,57.0,18.0,0.0,0.0,204.0,279.0,1,1,0,0
1202,47,2000,0.0,0.0,0.0,0.0,8.0,8.0,0,0,0,0
1203,47,2001,0.0,0.0,0.0,0.0,120.0,120.0,0,0,0,0
1204,47,2002,0.0,0.0,0.0,0.0,102.0,102.0,0,0,0,0
1205,47,2003,0.0,0.0,0.0,0.0,23.0,23.0,0,0,0,0
1206,47,2004,0.0,0.0,0.0,0.0,6.0,6.0,0,0,0,0
1207,47,2005,0.0,0.0,0.0,0.0,15.0,15.0,0,0,0,0
1208,47,2006,0.0,0.0,0.0,0.0,10.0,10.0,0,0,0,0
781,47,2007,0.0,0.0,1.0,0.0,138.0,139.0,0,0,1,0
782,47,2008,0.0,0.0,0.0,0.0,47.0,47.0,0,0,0,0
783,47,2009,0.0,0.0,0.0,0.0,6.0,6.0,0,0,0,0
784,47,2010,0.0,1.0,0.0,0.0,65.0,66.0,0,1,0,0
785,47,2011,1.0,0.0,0.0,0.0,454.0,455.0,1,0,0,0
786,47,2012,0.0,0.0,0.0,0.0,34.0,34.0,0,0,0,0
787,47,2013,0.0,0.0,0.0,0.0,10.0,10.0,0,0,0,0
788,47,2014,0.0,0.0,0.0,0.0,14.0,14.0,0,0,0,0
789,47,2015,0.0,0.0,0.0,0.0,36.0,36.0,0,0,0,0
790,47,2016,0.0,0.0,0.0,2.0,51.0,53.0,0,0,0,1
791,47,2017,0.0,0.0,0.0,0.0,39.0,39.0,0,0,0,0
792,47,2018,0.0,0.0,0.0,0.0,45.0,45.0,0,0,0,0
793,47,2019,0.0,0.0,0.0,0.0,37.0,37.0,0,0,0,0
794,47,2020,0.0,0.0,0.0,0.0,5.0,5.0,0,0,0,0
795,47,2021,0.0,1.0,0.0,0.0,11.0,12.0,0,1,0,0
796,47,2022,2.0,2.0,0.0,0.0,15.0,19.0,1,1,0,0
797,47,2023,144.0,31.0,0.0,0.0,260.0,435.0,1,1,0,0
1209,48,2000,0.0,0.0,0.0,0.0,7.0,7.0,0,0,0,0
1210,48,2001,0.0,0.0,0.0,0.0,171.0,171.0,0,0,0,0
1211,48,2002,0.0,0.0,0.0,0.0,107.0,107.0,0,0,0,0
1212,48,2003,0.0,0.0,0.0,0.0,20.0,20.0,0,0,0,0
1213,48,2004,0.0,0.0,0.0,0.0,8.0,8.0,0,0,0,0
1214,48,2005,0.0,0.0,0.0,0.0,17.0,17.0,0,0,0,0
1215,48,2006,0.0,0.0,0.0,0.0,8.0,8.0,0,0,0,0
798,48,2007,0.0,0.0,3.0,0.0,120.0,123.0,0,0,1,0
799,48,2008,0.0,0.0,0.0,0.0,36.0,36.0,0,0,0,0
800,48,2009,0.0,0.0,0.0,0.0,4.0,4.0,0,0,0,0
801,48,2010,1.0,0.0,0.0,0.0,83.0,84.0,1,0,0,0
802,48,2011,1.0,0.0,0.0,0.0,456.0,457.0,1,0,0,0
803,48,2012,1.0,0.0,0.0,0.0,43.0,44.0,1,0,0,0
804,48,2013,0.0,0.0,0.0,0.0,16.0,16.0,0,0,0,0
805,48,2014,0.0,0.0,0.0,0.0,20.0,20.0,0,0,0,0
806,48,2015,0.0,0.0,0.0,0.0,58.0,58.0,0,0,0,0
807,48,2016,0.0,0.0,0.0,1.0,53.0,54.0,0,0,0,1
808,48,2017,0.0,0.0,0.0,0.0,26.0,26.0,0,0,0,0
809,48,2018,0.0,0.0,0.0,0.0,74.0,74.0,0,0,0,0
810,48,2019,0.0,0.0,0.0,0.0,42.0,42.0,0,0,0,0
811,48,2020,0.0,0.0,0.0,0.0,11.0,11.0,0,0,0,0
812,48,2021,0.0,0.0,0.0,0.0,17.0,17.0,0,0,0,0
813,48,2022,0.0,2.0,0.0,0.0,25.0,27.0,0,1,0,0
814,48,2023,144.0,35.0,0.0,1.0,271.0,451.0,1,1,0,1
1216,49,2000,0.0,0.0,0.0,0.0,9.0,9.0,0,0,0,0
1217,49,2001,0.0,0.0,0.0,0.0,253.0,253.0,0,0,0,0
1218,49,2002,0.0,0.0,0.0,0.0,130.0,130.0,0,0,0,0
1219,49,2003,0.0,0.0,0.0,0.0,20.0,20.0,0,0,0,0
1220,49,2004,0.0,0.0,0.0,0.0,7.0,7.0,0,0,0,0
1221,49,2005,0.0,0.0,0.0,0.0,31.0,31.0,0,0,0,0
1222,49,2006,0.0,0.0,0.0,0.0,6.0,6.0,0,0,0,0
815,49,2007,0.0,1.0,1.0,0.0,134.0,136.0,0,1,1,0
816,49,2008,0.0,0.0,0.0,0.0,60.0,60.0,0,0,0,0
817,49,2009,0.0,0.0,1.0,0.0,3.0,4.0,0,0,1,0
818,49,2010,0.0,0.0,0.0,0.0,99.0,99.0,0,0,0,0
819,49,2011,5.0,0.0,0.0,0.0,577.0,582.0,1,0,0,0
820,49,2012,0.0,0.0,0.0,0.0,47.0,47.0,0,0,0,0
821,49,2013,0.0,0.0,0.0,0.0,23.0,23.0,0,0,0,0
822,49,2014,0.0,0.0,0.0,0.0,10.0,10.0,0,0,0,0
823,49,2015,1.0,0.0,0.0,0.0,72.0,73.0,1,0,0,0
824,49,2016,0.0,0.0,0.0,3.0,68.0,71.0,0,0,0,1
825,49,2017,0.0,0.0,0.0,0.0,47.0,47.0,0,0,0,0
826,49,2018,0.0,0.0,0.0,0.0,93.0,93.0,0,0,0,0
827,49,2019,0.0,0.0,0.0,0.0,35.0,35.0,0,0,0,0
828,49,2020,0.0,0.0,0.0,0.0,9.0,9.0,0,0,0,0
829,49,2021,0.0,1.0,0.0,0.0,18.0,19.0,0,1,0,0
830,49,2022,1.0,0.0,0.0,0.0,23.0,24.0,1,0,0,0
831,49,2023,162.0,39.0,0.0,0.0,338.0,539.0,1,1,0,0
1223,50,2000,0.0,0.0,0.0,0.0,11.0,11.0,0,0,0,0
1224,50,2001,0.0,0.0,0.0,0.0,426.0,426.0,0,0,0,0
1225,50,2002,0.0,0.0,0.0,0.0,55.0,55.0,0,0,0,0
1226,50,2003,0.0,0.0,0.0,0.0,20.0,20.0,0,0,0,0
1227,50,2004,0.0,0.0,0.0,0.0,4.0,4.0,0,0,0,0
1228,50,2005,0.0,0.0,0.0,0.0,28.0,28.0,0,0,0,0
1229,50,2006,0.0,0.0,0.0,0.0,22.0,22.0,0,0,0,0
832,50,2007,0.0,1.0,0.0,0.0,205.0,206.0,0,1,0,0
833,50,2008,0.0,0.0,0.0,0.0,42.0,42.0,0,0,0,0
834,50,2009,0.0,0.0,0.0,0.0,10.0,10.0,0,0,0,0
835,50,2010,1.0,0.0,0.0,0.0,149.0,150.0,1,0,0,0
836,50,2011,5.0,0.0,0.0,0.0,665.0,670.0,1,0,0,0
837,50,2012,0.0,0.0,0.0,5.0,82.0,87.0,0,0,0,1
838,50,2013,0.0,0.0,0.0,0.0,16.0,16.0,0,0,0,0
839,50,2014,0.0,0.0,0.0,0.0,5.0,5.0,0,0,0,0
840,50,2015,0.0,0.0,0.0,0.0,64.0,64.0,0,0,0,0
841,50,2016,0.0,0.0,0.0,3.0,65.0,68.0,0,0,0,1
842,50,2017,0.0,0.0,0.0,0.0,46.0,46.0,0,0,0,0
843,50,2018,0.0,0.0,0.0,0.0,98.0,98.0,0,0,0,0
844,50,2019,0.0,0.0,0.0,0.0,49.0,49.0,0,0,0,0
845,50,2020,0.0,0.0,0.0,0.0,4.0,4.0,0,0,0,0
846,50,2021,0.0,1.0,0.0,0.0,5.0,6.0,0,1,0,0
847,50,2022,5.0,2.0,0.0,0.0,38.0,45.0,1,1,0,0
848,50,2023,225.0,51.0,0.0,0.0,381.0,657.0,1,1,0,0
1230,51,2000,0.0,0.0,0.0,0.0,12.0,12.0,0,0,0,0
1231,51,2001,0.0,0.0,0.0,0.0,416.0,416.0,0,0,0,0
1232,51,2002,0.0,0.0,0.0,0.0,21.0,21.0,0,0,0,0
1233,51,2003,0.0,0.0,0.0,0.0,11.0,11.0,0,0,0,0
1234,51,2004,0.0,0.0,0.0,0.0,4.0,4.0,0,0,0,0
1235,51,2005,0.0,0.0,0.0,0.0,16.0,16.0,0,0,0,0
1236,51,2006,0.0,0.0,0.0,0.0,10.0,10.0,0,0,0,0
849,51,2007,0.0,0.0,1.0,0.0,247.0,248.0,0,0,1,0
850,51,2008,0.0,0.0,0.0,0.0,35.0,35.0,0,0,0,0
851,51,2009,0.0,0.0,0.0,0.0,6.0,6.0,0,0,0,0
852,51,2010,1.0,0.0,0.0,0.0,111.0,112.0,1,0,0,0
853,51,2011,2.0,0.0,0.0,0.0,507.0,509.0,1,0,0,0
854,51,2012,0.0,0.0,0.0,1.0,51.0,52.0,0,0,0,1
855,51,2013,0.0,0.0,0.0,0.0,7.0,7.0,0,0,0,0
856,51,2014,0.0,0.0,0.0,1.0,9.0,10.0,0,0,0,1
857,51,2015,2.0,0.0,0.0,0.0,59.0,61.0,1,0,0,0
858,51,2016,0.0,0.0,0.0,0.0,90.0,90.0,0,0,0,0
859,51,2017,0.0,0.0,0.0,0.0,35.0,35.0,0,0,0,0
860,51,2018,0.0,0.0,0.0,0.0,80.0,80.0,0,0,0,0
861,51,2019,0.0,0.0,0.0,0.0,46.0,46.0,0,0,0,0
862,51,2020,0.0,0.0,0.0,0.0,5.0,5.0,0,0,0,0
863,51,2021,0.0,0.0,0.0,0.0,6.0,6.0,0,0,0,0
864,51,2022,6.0,2.0,0.0,0.0,27.0,35.0,1,1,0,0
865,51,2023,156.0,65.0,0.0,0.0,386.0,607.0,1,1,0,0
1237,52,2000,0.0,0.0,0.0,0.0,6.0,6.0,0,0,0,0
1238,52,2001,0.0,0.0,0.0,0.0,976.0,976.0,0,0,0,0
1239,52,2002,0.0,0.0,0.0,0.0,8.0,8.0,0,0,0,0
1240,52,2003,0.0,0.0,0.0,0.0,10.0,10.0,0,0,0,0
1241,52,2004,0.0,0.0,0.0,0.0,5.0,5.0,0,0,0,0
1242,52,2005,0.0,0.0,0.0,0.0,30.0,30.0,0,0,0,0
1243,52,2006,0.0,0.0,0.0,0.0,24.0,24.0,0,0,0,0
866,52,2007,0.0,0.0,0.0,0.0,227.0,227.0,0,0,0,0
867,52,2008,0.0,0.0,0.0,0.0,28.0,28.0,0,0,0,0
868,52,2009,0.0,0.0,0.0,0.0,9.0,9.0,0,0,0,0
869,52,2010,1.0,0.0,0.0,0.0,105.0,106.0,1,0,0,0
870,52,2011,3.0,0.0,0.0,2.0,479.0,484.0,1,0,0,1
871,52,2012,2.0,0.0,0.0,3.0,75.0,80.0,1,0,0,1
872,52,2013,0.0,0.0,0.0,0.0,7.0,7.0,0,0,0,0
873,52,2014,0.0,0.0,0.0,0.0,10.0,10.0,0,0,0,0
874,52,2015,0.0,0.0,0.0,0.0,69.0,69.0,0,0,0,0
875,52,2016,0.0,0.0,0.0,1.0,76.0,77.0,0,0,0,1
876,52,2017,0.0,0.0,0.0,0.0,41.0,41.0,0,0,0,0
877,52,2018,0.0,0.0,0.0,0.0,108.0,108.0,0,0,0,0
878,52,2019,0.0,0.0,0.0,0.0,42.0,42.0,0,0,0,0
879,52,2020,0.0,0.0,0.0,0.0,5.0,5.0,0,0,0,0
880,52,2021,0.0,0.0,0.0,0.0,1.0,1.0,0,0,0,0
881,52,2022,4.0,2.0,0.0,0.0,22.0,28.0,1,1,0,0
882,52,2023,126.0,50.0,0.0,0.0,222.0,398.0,1,1,0,0
1244,53,2003,0.0,0.0,0.0,0.0,5.0,5.0,0,0,0,0
883,53,2008,0.0,0.0,0.0,0.0,30.0,30.0,0,0,0,0
884,53,2014,0.0,0.0,0.0,0.0,8.0,8.0,0,0,0,0
885,53,2020,0.0,0.0,0.0,0.0,3.0,3.0,0,0,0,0
