;SIN_YEAR;SIN_WEEK;FIRST_DAY;CASES;IMPORTED
0;2001;1;2001-01-07;0;0
1;2001;2;2001-01-14;0;0
2;2001;3;2001-01-21;0;0
3;2001;4;2001-01-28;0;0
4;2001;5;2001-02-04;0;0
5;2001;6;2001-02-11;0;0
6;2001;7;2001-02-18;0;0
7;2001;8;2001-02-25;1;0
8;2001;9;2001-03-04;2;1
9;2001;10;2001-03-11;0;0
10;2001;11;2001-03-18;0;0
11;2001;12;2001-03-25;1;0
12;2001;13;2001-04-01;0;0
13;2001;14;2001-04-08;0;0
14;2001;15;2001-04-15;0;0
15;2001;16;2001-04-22;1;0
16;2001;17;2001-04-29;1;0
17;2001;18;2001-05-06;1;0
18;2001;19;2001-05-13;0;0
19;2001;20;2001-05-20;0;0
20;2001;21;2001-05-27;0;0
21;2001;22;2001-06-03;0;0
22;2001;23;2001-06-10;0;0
23;2001;24;2001-06-17;0;0
24;2001;25;2001-06-24;0;0
25;2001;26;2001-07-01;0;0
26;2001;27;2001-07-08;0;0
27;2001;28;2001-07-15;0;0
28;2001;29;2001-07-22;0;0
29;2001;30;2001-07-29;0;0
30;2001;31;2001-08-05;0;0
31;2001;32;2001-08-12;0;0
32;2001;33;2001-08-19;0;0
33;2001;34;2001-08-26;0;0
34;2001;35;2001-09-02;0;0
35;2001;36;2001-09-09;1;0
36;2001;37;2001-09-16;0;0
37;2001;38;2001-09-23;0;0
38;2001;39;2001-09-30;0;0
39;2001;40;2001-10-07;0;0
40;2001;41;2001-10-14;0;0
41;2001;42;2001-10-21;0;0
42;2001;43;2001-10-28;0;0
43;2001;44;2001-11-04;0;0
44;2001;45;2001-11-11;0;0
45;2001;46;2001-11-18;0;0
46;2001;47;2001-11-25;0;0
47;2001;48;2001-12-02;0;0
48;2001;49;2001-12-09;0;0
49;2001;50;2001-12-16;0;0
50;2001;51;2001-12-23;0;0
51;2001;52;2001-12-30;0;0
52;2002;1;2002-01-06;0;0
53;2002;2;2002-01-13;0;0
54;2002;3;2002-01-20;0;0
55;2002;4;2002-01-27;0;0
56;2002;5;2002-02-03;0;0
57;2002;6;2002-02-10;0;0
58;2002;7;2002-02-17;0;0
59;2002;8;2002-02-24;0;0
60;2002;9;2002-03-03;0;0
61;2002;10;2002-03-10;0;0
62;2002;11;2002-03-17;0;0
63;2002;12;2002-03-24;0;0
64;2002;13;2002-03-31;0;0
65;2002;14;2002-04-07;1;0
66;2002;15;2002-04-14;0;0
67;2002;16;2002-04-21;0;0
68;2002;17;2002-04-28;0;0
69;2002;18;2002-05-05;0;0
70;2002;19;2002-05-12;1;0
71;2002;20;2002-05-19;0;0
72;2002;21;2002-05-26;0;0
73;2002;22;2002-06-02;0;0
74;2002;23;2002-06-09;0;0
75;2002;24;2002-06-16;0;0
76;2002;25;2002-06-23;0;0
77;2002;26;2002-06-30;0;0
78;2002;27;2002-07-07;0;0
79;2002;28;2002-07-14;0;0
80;2002;29;2002-07-21;0;0
81;2002;30;2002-07-28;0;0
82;2002;31;2002-08-04;0;0
83;2002;32;2002-08-11;0;0
84;2002;33;2002-08-18;0;0
85;2002;34;2002-08-25;0;0
86;2002;35;2002-09-01;0;0
87;2002;36;2002-09-08;0;0
88;2002;37;2002-09-15;0;0
89;2002;38;2002-09-22;0;0
90;2002;39;2002-09-29;0;0
91;2002;40;2002-10-06;0;0
92;2002;41;2002-10-13;0;0
93;2002;42;2002-10-20;0;0
94;2002;43;2002-10-27;0;0
95;2002;44;2002-11-03;0;0
96;2002;45;2002-11-10;1;0
97;2002;46;2002-11-17;0;0
98;2002;47;2002-11-24;0;0
99;2002;48;2002-12-01;0;0
100;2002;49;2002-12-08;0;0
101;2002;50;2002-12-15;0;0
102;2002;51;2002-12-22;0;0
103;2002;52;2002-12-29;0;0
104;2003;1;2003-01-05;0;0
105;2003;2;2003-01-12;0;0
106;2003;3;2003-01-19;0;0
107;2003;4;2003-01-26;0;0
108;2003;5;2003-02-02;0;0
109;2003;6;2003-02-09;0;0
110;2003;7;2003-02-16;0;0
111;2003;8;2003-02-23;0;0
112;2003;9;2003-03-02;0;0
113;2003;10;2003-03-09;0;0
114;2003;11;2003-03-16;0;0
115;2003;12;2003-03-23;0;0
116;2003;13;2003-03-30;0;0
117;2003;14;2003-04-06;0;0
118;2003;15;2003-04-13;0;0
119;2003;16;2003-04-20;0;0
120;2003;17;2003-04-27;1;0
121;2003;18;2003-05-04;0;0
122;2003;19;2003-05-11;0;0
123;2003;20;2003-05-18;1;0
124;2003;21;2003-05-25;0;0
125;2003;22;2003-06-01;0;0
126;2003;23;2003-06-08;0;0
127;2003;24;2003-06-15;0;0
128;2003;25;2003-06-22;1;0
129;2003;26;2003-06-29;0;0
130;2003;27;2003-07-06;0;0
131;2003;28;2003-07-13;0;0
132;2003;29;2003-07-20;0;0
133;2003;30;2003-07-27;1;0
134;2003;31;2003-08-03;0;0
135;2003;32;2003-08-10;0;0
136;2003;33;2003-08-17;0;0
137;2003;34;2003-08-24;0;0
138;2003;35;2003-08-31;0;0
139;2003;36;2003-09-07;0;0
140;2003;37;2003-09-14;0;0
141;2003;38;2003-09-21;1;0
142;2003;39;2003-09-28;0;0
143;2003;40;2003-10-05;0;0
144;2003;41;2003-10-12;0;0
145;2003;42;2003-10-19;0;0
146;2003;43;2003-10-26;0;0
147;2003;44;2003-11-02;0;0
148;2003;45;2003-11-09;0;0
149;2003;46;2003-11-16;0;0
150;2003;47;2003-11-23;0;0
151;2003;48;2003-11-30;0;0
152;2003;49;2003-12-07;0;0
153;2003;50;2003-12-14;0;0
154;2003;51;2003-12-21;1;0
155;2003;52;2003-12-28;0;0
156;2004;1;2004-01-04;0;0
157;2004;2;2004-01-11;0;0
158;2004;3;2004-01-18;0;0
159;2004;4;2004-01-25;0;0
160;2004;5;2004-02-01;0;0
161;2004;6;2004-02-08;0;0
162;2004;7;2004-02-15;0;0
163;2004;8;2004-02-22;0;0
164;2004;9;2004-02-29;0;0
165;2004;10;2004-03-07;0;0
166;2004;11;2004-03-14;0;0
167;2004;12;2004-03-21;0;0
168;2004;13;2004-03-28;0;0
169;2004;14;2004-04-04;0;0
170;2004;15;2004-04-11;0;0
171;2004;16;2004-04-18;0;0
172;2004;17;2004-04-25;0;0
173;2004;18;2004-05-02;1;0
174;2004;19;2004-05-09;0;0
175;2004;20;2004-05-16;0;0
176;2004;21;2004-05-23;0;0
177;2004;22;2004-05-30;0;0
178;2004;23;2004-06-06;0;0
179;2004;24;2004-06-13;0;0
180;2004;25;2004-06-20;1;0
181;2004;26;2004-06-27;0;0
182;2004;27;2004-07-04;0;0
183;2004;28;2004-07-11;1;0
184;2004;29;2004-07-18;0;0
185;2004;30;2004-07-25;0;0
186;2004;31;2004-08-01;1;0
187;2004;32;2004-08-08;0;0
188;2004;33;2004-08-15;0;0
189;2004;34;2004-08-22;0;0
190;2004;35;2004-08-29;0;0
191;2004;36;2004-09-05;0;0
192;2004;37;2004-09-12;0;0
193;2004;38;2004-09-19;0;0
194;2004;39;2004-09-26;0;0
195;2004;40;2004-10-03;1;0
196;2004;41;2004-10-10;0;0
197;2004;42;2004-10-17;0;0
198;2004;43;2004-10-24;0;0
199;2004;44;2004-10-31;0;0
200;2004;45;2004-11-07;0;0
201;2004;46;2004-11-14;0;0
202;2004;47;2004-11-21;0;0
203;2004;48;2004-11-28;0;0
204;2004;49;2004-12-05;0;0
205;2004;50;2004-12-12;0;0
206;2004;51;2004-12-19;0;0
207;2004;52;2004-12-26;0;0
208;2005;1;2005-01-02;0;0
209;2005;2;2005-01-09;0;0
210;2005;3;2005-01-16;0;0
211;2005;4;2005-01-23;0;0
212;2005;5;2005-01-30;0;0
213;2005;6;2005-02-06;0;0
214;2005;7;2005-02-13;0;0
215;2005;8;2005-02-20;0;0
216;2005;9;2005-02-27;1;0
217;2005;10;2005-03-06;0;0
218;2005;11;2005-03-13;1;0
219;2005;12;2005-03-20;0;0
220;2005;13;2005-03-27;0;0
221;2005;14;2005-04-03;0;0
222;2005;15;2005-04-10;0;0
223;2005;16;2005-04-17;0;0
224;2005;17;2005-04-24;0;0
225;2005;18;2005-05-01;0;0
226;2005;19;2005-05-08;0;0
227;2005;20;2005-05-15;0;0
228;2005;21;2005-05-22;0;0
229;2005;22;2005-05-29;0;0
230;2005;23;2005-06-05;0;0
231;2005;24;2005-06-12;0;0
232;2005;25;2005-06-19;0;0
233;2005;26;2005-06-26;0;0
234;2005;27;2005-07-03;1;0
235;2005;28;2005-07-10;0;0
236;2005;29;2005-07-17;0;0
237;2005;30;2005-07-24;0;0
238;2005;31;2005-07-31;0;0
239;2005;32;2005-08-07;0;0
240;2005;33;2005-08-14;0;0
241;2005;34;2005-08-21;0;0
242;2005;35;2005-08-28;0;0
243;2005;36;2005-09-04;0;0
244;2005;37;2005-09-11;0;0
245;2005;38;2005-09-18;0;0
246;2005;39;2005-09-25;1;0
247;2005;40;2005-10-02;0;0
248;2005;41;2005-10-09;0;0
249;2005;42;2005-10-16;0;0
250;2005;43;2005-10-23;0;0
251;2005;44;2005-10-30;0;0
252;2005;45;2005-11-06;0;0
253;2005;46;2005-11-13;0;0
254;2005;47;2005-11-20;0;0
255;2005;48;2005-11-27;0;0
256;2005;49;2005-12-04;0;0
257;2005;50;2005-12-11;0;0
258;2005;51;2005-12-18;0;0
259;2005;52;2005-12-25;0;0
260;2006;1;2006-01-01;0;0
261;2006;2;2006-01-08;0;0
262;2006;3;2006-01-15;0;0
263;2006;4;2006-01-22;0;0
264;2006;5;2006-01-29;0;0
265;2006;6;2006-02-05;0;0
266;2006;7;2006-02-12;0;0
267;2006;8;2006-02-19;0;0
268;2006;9;2006-02-26;1;0
269;2006;10;2006-03-05;0;0
270;2006;11;2006-03-12;0;0
271;2006;12;2006-03-19;0;0
272;2006;13;2006-03-26;1;0
273;2006;14;2006-04-02;0;0
274;2006;15;2006-04-09;0;0
275;2006;16;2006-04-16;1;0
276;2006;17;2006-04-23;0;0
277;2006;18;2006-04-30;0;0
278;2006;19;2006-05-07;0;0
279;2006;20;2006-05-14;1;0
280;2006;21;2006-05-21;0;0
281;2006;22;2006-05-28;2;0
282;2006;23;2006-06-04;1;0
283;2006;24;2006-06-11;0;0
284;2006;25;2006-06-18;0;0
285;2006;26;2006-06-25;0;0
286;2006;27;2006-07-02;0;0
287;2006;28;2006-07-09;0;0
288;2006;29;2006-07-16;1;0
289;2006;30;2006-07-23;0;0
290;2006;31;2006-07-30;0;0
291;2006;32;2006-08-06;0;0
292;2006;33;2006-08-13;0;0
293;2006;34;2006-08-20;0;0
294;2006;35;2006-08-27;0;0
295;2006;36;2006-09-03;0;0
296;2006;37;2006-09-10;0;0
297;2006;38;2006-09-17;0;0
298;2006;39;2006-09-24;0;0
299;2006;40;2006-10-01;0;0
300;2006;41;2006-10-08;1;0
301;2006;42;2006-10-15;0;0
302;2006;43;2006-10-22;0;0
303;2006;44;2006-10-29;0;0
304;2006;45;2006-11-05;0;0
305;2006;46;2006-11-12;1;0
306;2006;47;2006-11-19;0;0
307;2006;48;2006-11-26;0;0
308;2006;49;2006-12-03;0;0
309;2006;50;2006-12-10;0;0
310;2006;51;2006-12-17;0;0
311;2006;52;2006-12-24;0;0
312;2007;1;2007-01-07;0;0
313;2007;2;2007-01-14;27;1
314;2007;3;2007-01-21;44;0
315;2007;4;2007-01-28;63;0
316;2007;5;2007-02-04;93;2
317;2007;6;2007-02-11;135;1
318;2007;7;2007-02-18;154;0
319;2007;8;2007-02-25;149;0
320;2007;9;2007-03-04;150;0
321;2007;10;2007-03-11;202;3
322;2007;11;2007-03-18;231;2
323;2007;12;2007-03-25;294;5
324;2007;13;2007-04-01;319;1
325;2007;14;2007-04-08;268;0
326;2007;15;2007-04-15;232;2
327;2007;16;2007-04-22;275;0
328;2007;17;2007-04-29;223;0
329;2007;18;2007-05-06;173;0
330;2007;19;2007-05-13;310;1
331;2007;20;2007-05-20;340;4
332;2007;21;2007-05-27;227;0
333;2007;22;2007-06-03;256;0
334;2007;23;2007-06-10;153;0
335;2007;24;2007-06-17;157;0
336;2007;25;2007-06-24;215;1
337;2007;26;2007-07-01;156;1
338;2007;27;2007-07-08;120;0
339;2007;28;2007-07-15;64;0
340;2007;29;2007-07-22;78;1
341;2007;30;2007-07-29;80;1
342;2007;31;2007-08-05;88;1
343;2007;32;2007-08-12;64;0
344;2007;33;2007-08-19;73;0
345;2007;34;2007-08-26;48;0
346;2007;35;2007-09-02;38;0
347;2007;36;2007-09-09;59;0
348;2007;37;2007-09-16;25;1
349;2007;38;2007-09-23;39;3
350;2007;39;2007-09-30;42;1
351;2007;40;2007-10-07;28;0
352;2007;41;2007-10-14;18;0
353;2007;42;2007-10-21;25;0
354;2007;43;2007-10-28;35;0
355;2007;44;2007-11-04;37;0
356;2007;45;2007-11-11;50;1
357;2007;46;2007-11-18;70;2
358;2007;47;2007-11-25;80;1
359;2007;48;2007-12-02;127;1
360;2007;49;2007-12-09;114;1
361;2007;50;2007-12-16;122;0
362;2007;51;2007-12-23;191;1
363;2007;52;2007-12-30;207;0
364;2008;1;2008-01-06;0;0
365;2008;2;2008-01-13;4;0
366;2008;3;2008-01-20;743;9
367;2008;4;2008-01-27;946;11
368;2008;5;2008-02-03;961;9
369;2008;6;2008-02-10;671;12
370;2008;7;2008-02-17;829;14
371;2008;8;2008-02-24;1084;24
372;2008;9;2008-03-02;1409;25
373;2008;10;2008-03-09;1713;48
374;2008;11;2008-03-16;2352;53
375;2008;12;2008-03-23;2767;56
376;2008;13;2008-03-30;2537;53
377;2008;14;2008-04-06;3988;83
378;2008;15;2008-04-13;3428;24
379;2008;16;2008-04-20;2543;26
380;2008;17;2008-04-27;1925;22
381;2008;18;2008-05-04;1387;8
382;2008;19;2008-05-11;891;4
383;2008;20;2008-05-18;636;7
384;2008;21;2008-05-25;404;5
385;2008;22;2008-06-01;257;3
386;2008;23;2008-06-08;204;1
387;2008;24;2008-06-15;80;3
388;2008;25;2008-06-22;111;0
389;2008;26;2008-06-29;68;1
390;2008;27;2008-07-06;36;1
391;2008;28;2008-07-13;35;0
392;2008;29;2008-07-20;24;0
393;2008;30;2008-07-27;35;0
394;2008;31;2008-08-03;69;0
395;2008;32;2008-08-10;12;0
396;2008;33;2008-08-17;27;1
397;2008;34;2008-08-24;12;0
398;2008;35;2008-08-31;15;1
399;2008;36;2008-09-07;6;0
400;2008;37;2008-09-14;11;0
401;2008;38;2008-09-21;18;0
402;2008;39;2008-09-28;5;0
403;2008;40;2008-10-05;15;1
404;2008;41;2008-10-12;8;0
405;2008;42;2008-10-19;8;0
406;2008;43;2008-10-26;23;0
407;2008;44;2008-11-02;18;0
408;2008;45;2008-11-09;13;0
409;2008;46;2008-11-16;25;0
410;2008;47;2008-11-23;29;0
411;2008;48;2008-11-30;45;1
412;2008;49;2008-12-07;35;1
413;2008;50;2008-12-14;54;4
414;2008;51;2008-12-21;32;0
415;2008;52;2008-12-28;29;3
416;2009;1;2009-01-04;0;0
417;2009;2;2009-01-11;23;2
418;2009;3;2009-01-18;44;2
419;2009;4;2009-01-25;34;0
420;2009;5;2009-02-01;43;0
421;2009;6;2009-02-08;73;2
422;2009;7;2009-02-15;66;1
423;2009;8;2009-02-22;32;0
424;2009;9;2009-03-01;19;1
425;2009;10;2009-03-08;32;0
426;2009;11;2009-03-15;26;0
427;2009;12;2009-03-22;36;0
428;2009;13;2009-03-29;26;0
429;2009;14;2009-04-05;13;0
430;2009;15;2009-04-12;15;1
431;2009;16;2009-04-19;10;0
432;2009;17;2009-04-26;9;0
433;2009;18;2009-05-03;5;0
434;2009;19;2009-05-10;7;0
435;2009;20;2009-05-17;10;1
436;2009;21;2009-05-24;6;1
437;2009;22;2009-05-31;7;0
438;2009;23;2009-06-07;8;0
439;2009;24;2009-06-14;21;0
440;2009;25;2009-06-21;11;1
441;2009;26;2009-06-28;1;0
442;2009;27;2009-07-05;8;0
443;2009;28;2009-07-12;9;1
444;2009;29;2009-07-19;4;0
445;2009;30;2009-07-26;2;0
446;2009;31;2009-08-02;2;0
447;2009;32;2009-08-09;2;0
448;2009;33;2009-08-16;1;0
449;2009;34;2009-08-23;3;1
450;2009;35;2009-08-30;1;0
451;2009;36;2009-09-06;4;1
452;2009;37;2009-09-13;1;0
453;2009;38;2009-09-20;0;0
454;2009;39;2009-09-27;2;0
455;2009;40;2009-10-04;1;0
456;2009;41;2009-10-11;2;0
457;2009;42;2009-10-18;3;2
458;2009;43;2009-10-25;5;1
459;2009;44;2009-11-01;3;0
460;2009;45;2009-11-08;6;0
461;2009;46;2009-11-15;7;0
462;2009;47;2009-11-22;5;0
463;2009;48;2009-11-29;5;0
464;2009;49;2009-12-06;2;0
465;2009;50;2009-12-13;2;1
466;2009;51;2009-12-20;7;0
467;2009;52;2009-12-27;4;0
468;2010;1;2010-01-03;0;0
469;2010;2;2010-01-10;13;4
470;2010;3;2010-01-17;19;2
471;2010;4;2010-01-24;19;0
472;2010;5;2010-01-31;21;3
473;2010;6;2010-02-07;29;1
474;2010;7;2010-02-14;24;0
475;2010;8;2010-02-21;34;0
476;2010;9;2010-02-28;35;3
477;2010;10;2010-03-07;42;2
478;2010;11;2010-03-14;39;3
479;2010;12;2010-03-21;33;1
480;2010;13;2010-03-28;50;2
481;2010;14;2010-04-04;45;0
482;2010;15;2010-04-11;42;3
483;2010;16;2010-04-18;48;0
484;2010;17;2010-04-25;64;3
485;2010;18;2010-05-02;81;5
486;2010;19;2010-05-09;95;3
487;2010;20;2010-05-16;71;1
488;2010;21;2010-05-23;85;0
489;2010;22;2010-05-30;72;2
490;2010;23;2010-06-06;48;1
491;2010;24;2010-06-13;32;3
492;2010;25;2010-06-20;55;1
493;2010;26;2010-06-27;39;1
494;2010;27;2010-07-04;46;5
495;2010;28;2010-07-11;48;0
496;2010;29;2010-07-18;47;2
497;2010;30;2010-07-25;38;1
498;2010;31;2010-08-01;68;2
499;2010;32;2010-08-08;51;2
500;2010;33;2010-08-15;56;2
501;2010;34;2010-08-22;33;1
502;2010;35;2010-08-29;32;0
503;2010;36;2010-09-05;22;2
504;2010;37;2010-09-12;30;1
505;2010;38;2010-09-19;35;2
506;2010;39;2010-09-26;24;1
507;2010;40;2010-10-03;24;0
508;2010;41;2010-10-10;19;1
509;2010;42;2010-10-17;18;0
510;2010;43;2010-10-24;22;0
511;2010;44;2010-10-31;31;0
512;2010;45;2010-11-07;46;1
513;2010;46;2010-11-14;42;0
514;2010;47;2010-11-21;51;1
515;2010;48;2010-11-28;75;1
516;2010;49;2010-12-05;80;0
517;2010;50;2010-12-12;90;2
518;2010;51;2010-12-19;138;0
519;2010;52;2010-12-26;87;2
520;2011;1;2011-01-02;0;0
521;2011;2;2011-01-09;253;4
522;2011;3;2011-01-16;330;2
523;2011;4;2011-01-23;337;3
524;2011;5;2011-01-30;552;4
525;2011;6;2011-02-06;906;4
526;2011;7;2011-02-13;1466;6
527;2011;8;2011-02-20;1829;8
528;2011;9;2011-02-27;1969;3
529;2011;10;2011-03-06;1817;3
530;2011;11;2011-03-13;1864;3
531;2011;12;2011-03-20;3118;8
532;2011;13;2011-03-27;4796;7
533;2011;14;2011-04-03;4558;5
534;2011;15;2011-04-10;4831;2
535;2011;16;2011-04-17;3960;8
536;2011;17;2011-04-24;4322;6
537;2011;18;2011-05-01;5674;4
538;2011;19;2011-05-08;4688;7
539;2011;20;2011-05-15;4289;6
540;2011;21;2011-05-22;3436;0
541;2011;22;2011-05-29;2620;1
542;2011;23;2011-06-05;2213;1
543;2011;24;2011-06-12;1367;1
544;2011;25;2011-06-19;1016;1
545;2011;26;2011-06-26;630;1
546;2011;27;2011-07-03;510;1
547;2011;28;2011-07-10;348;1
548;2011;29;2011-07-17;291;2
549;2011;30;2011-07-24;208;0
550;2011;31;2011-07-31;187;0
551;2011;32;2011-08-07;139;0
552;2011;33;2011-08-14;145;3
553;2011;34;2011-08-21;147;1
554;2011;35;2011-08-28;102;0
555;2011;36;2011-09-04;92;1
556;2011;37;2011-09-11;117;0
557;2011;38;2011-09-18;126;0
558;2011;39;2011-09-25;179;0
559;2011;40;2011-10-02;208;0
560;2011;41;2011-10-09;199;0
561;2011;42;2011-10-16;228;0
562;2011;43;2011-10-23;200;0
563;2011;44;2011-10-30;273;0
564;2011;45;2011-11-06;242;1
565;2011;46;2011-11-13;310;0
566;2011;47;2011-11-20;294;0
567;2011;48;2011-11-27;478;0
568;2011;49;2011-12-04;467;0
569;2011;50;2011-12-11;603;1
570;2011;51;2011-12-18;713;2
571;2011;52;2011-12-25;511;1
572;2012;1;2012-01-01;0;0
573;2012;2;2012-01-08;434;6
574;2012;3;2012-01-15;316;7
575;2012;4;2012-01-22;303;3
576;2012;5;2012-01-29;304;7
577;2012;6;2012-02-05;324;3
578;2012;7;2012-02-12;374;7
579;2012;8;2012-02-19;433;1
580;2012;9;2012-02-26;546;6
581;2012;10;2012-03-04;753;16
582;2012;11;2012-03-11;990;11
583;2012;12;2012-03-18;1218;12
584;2012;13;2012-03-25;1749;12
585;2012;14;2012-04-01;2259;7
586;2012;15;2012-04-08;2440;11
587;2012;16;2012-04-15;3012;12
588;2012;17;2012-04-22;3814;13
589;2012;18;2012-04-29;3872;23
590;2012;19;2012-05-06;2964;16
591;2012;20;2012-05-13;2651;19
592;2012;21;2012-05-20;1977;27
593;2012;22;2012-05-27;1704;29
594;2012;23;2012-06-03;1137;25
595;2012;24;2012-06-10;794;17
596;2012;25;2012-06-17;590;7
597;2012;26;2012-06-24;421;9
598;2012;27;2012-07-01;263;8
599;2012;28;2012-07-08;203;5
600;2012;29;2012-07-15;102;3
601;2012;30;2012-07-22;83;1
602;2012;31;2012-07-29;59;2
603;2012;32;2012-08-05;97;3
604;2012;33;2012-08-12;78;4
605;2012;34;2012-08-19;78;0
606;2012;35;2012-08-26;77;2
607;2012;36;2012-09-02;39;0
608;2012;37;2012-09-09;27;0
609;2012;38;2012-09-16;49;0
610;2012;39;2012-09-23;47;0
611;2012;40;2012-09-30;27;0
612;2012;41;2012-10-07;39;0
613;2012;42;2012-10-14;36;0
614;2012;43;2012-10-21;38;1
615;2012;44;2012-10-28;37;2
616;2012;45;2012-11-04;40;1
617;2012;46;2012-11-11;32;1
618;2012;47;2012-11-18;18;0
619;2012;48;2012-11-25;32;0
620;2012;49;2012-12-02;38;1
621;2012;50;2012-12-09;42;0
622;2012;51;2012-12-16;73;2
623;2012;52;2012-12-23;37;0
624;2012;53;2012-12-30;32;0
625;2013;1;2013-01-06;0;0
626;2013;2;2013-01-13;2;0
627;2013;3;2013-01-20;235;2
628;2013;4;2013-01-27;227;1
629;2013;5;2013-02-03;280;1
630;2013;6;2013-02-10;345;10
631;2013;7;2013-02-17;296;5
632;2013;8;2013-02-24;484;5
633;2013;9;2013-03-03;853;3
634;2013;10;2013-03-10;1462;19
635;2013;11;2013-03-17;2093;23
636;2013;12;2013-03-24;2803;19
637;2013;13;2013-03-31;2889;53
638;2013;14;2013-04-07;2523;54
639;2013;15;2013-04-14;2745;17
640;2013;16;2013-04-21;2580;1
641;2013;17;2013-04-28;2682;5
642;2013;18;2013-05-05;1922;5
643;2013;19;2013-05-12;902;0
644;2013;20;2013-05-19;541;4
645;2013;21;2013-05-26;401;7
646;2013;22;2013-06-02;286;11
647;2013;23;2013-06-09;164;3
648;2013;24;2013-06-16;115;0
649;2013;25;2013-06-23;114;2
650;2013;26;2013-06-30;109;1
651;2013;27;2013-07-07;74;0
652;2013;28;2013-07-14;53;1
653;2013;29;2013-07-21;40;1
654;2013;30;2013-07-28;41;0
655;2013;31;2013-08-04;16;1
656;2013;32;2013-08-11;22;0
657;2013;33;2013-08-18;19;1
658;2013;34;2013-08-25;10;1
659;2013;35;2013-09-01;14;0
660;2013;36;2013-09-08;6;0
661;2013;37;2013-09-15;9;0
662;2013;38;2013-09-22;16;0
663;2013;39;2013-09-29;4;0
664;2013;40;2013-10-06;14;1
665;2013;41;2013-10-13;10;0
666;2013;42;2013-10-20;6;0
667;2013;43;2013-10-27;12;0
668;2013;44;2013-11-03;10;0
669;2013;45;2013-11-10;15;0
670;2013;46;2013-11-17;7;0
671;2013;47;2013-11-24;7;0
672;2013;48;2013-12-01;9;0
673;2013;49;2013-12-08;16;0
674;2013;50;2013-12-15;17;0
675;2013;51;2013-12-22;11;0
676;2013;52;2013-12-29;6;0
677;2014;1;2014-01-05;0;0
678;2014;2;2014-01-12;26;0
679;2014;3;2014-01-19;36;0
680;2014;4;2014-01-26;27;0
681;2014;5;2014-02-02;32;1
682;2014;6;2014-02-09;23;1
683;2014;7;2014-02-16;23;1
684;2014;8;2014-02-23;24;0
685;2014;9;2014-03-02;27;0
686;2014;10;2014-03-09;11;0
687;2014;11;2014-03-16;9;1
688;2014;12;2014-03-23;21;1
689;2014;13;2014-03-30;18;2
690;2014;14;2014-04-06;15;0
691;2014;15;2014-04-13;16;0
692;2014;16;2014-04-20;21;0
693;2014;17;2014-04-27;23;0
694;2014;18;2014-05-04;19;1
695;2014;19;2014-05-11;17;1
696;2014;20;2014-05-18;10;0
697;2014;21;2014-05-25;19;0
698;2014;22;2014-06-01;17;0
699;2014;23;2014-06-08;8;0
700;2014;24;2014-06-15;18;1
701;2014;25;2014-06-22;15;1
702;2014;26;2014-06-29;8;0
703;2014;27;2014-07-06;12;0
704;2014;28;2014-07-13;6;2
705;2014;29;2014-07-20;10;0
706;2014;30;2014-07-27;12;0
707;2014;31;2014-08-03;5;0
708;2014;32;2014-08-10;8;0
709;2014;33;2014-08-17;7;0
710;2014;34;2014-08-24;14;0
711;2014;35;2014-08-31;5;0
712;2014;36;2014-09-07;9;0
713;2014;37;2014-09-14;17;0
714;2014;38;2014-09-21;17;1
715;2014;39;2014-09-28;16;0
716;2014;40;2014-10-05;25;1
717;2014;41;2014-10-12;20;4
718;2014;42;2014-10-19;14;4
719;2014;43;2014-10-26;16;1
720;2014;44;2014-11-02;10;2
721;2014;45;2014-11-09;18;0
722;2014;46;2014-11-16;10;3
723;2014;47;2014-11-23;18;5
724;2014;48;2014-11-30;15;4
725;2014;49;2014-12-07;21;3
726;2014;50;2014-12-14;10;1
727;2014;51;2014-12-21;5;0
728;2014;52;2014-12-28;8;0
729;2015;1;2015-01-04;0;0
730;2015;2;2015-01-11;16;2
731;2015;3;2015-01-18;8;0
732;2015;4;2015-01-25;16;2
733;2015;5;2015-02-01;16;0
734;2015;6;2015-02-08;22;2
735;2015;7;2015-02-15;19;2
736;2015;8;2015-02-22;27;1
737;2015;9;2015-03-01;47;0
738;2015;10;2015-03-08;65;0
739;2015;11;2015-03-15;83;2
740;2015;12;2015-03-22;102;2
741;2015;13;2015-03-29;113;1
742;2015;14;2015-04-05;165;9
743;2015;15;2015-04-12;262;2
744;2015;16;2015-04-19;234;2
745;2015;17;2015-04-26;349;3
746;2015;18;2015-05-03;370;3
747;2015;19;2015-05-10;303;1
748;2015;20;2015-05-17;320;3
749;2015;21;2015-05-24;264;2
750;2015;22;2015-05-31;276;3
751;2015;23;2015-06-07;276;2
752;2015;24;2015-06-14;235;1
753;2015;25;2015-06-21;232;3
754;2015;26;2015-06-28;141;0
755;2015;27;2015-07-05;129;0
756;2015;28;2015-07-12;97;0
757;2015;29;2015-07-19;100;1
758;2015;30;2015-07-26;110;1
759;2015;31;2015-08-02;82;0
760;2015;32;2015-08-09;59;1
761;2015;33;2015-08-16;68;0
762;2015;34;2015-08-23;42;0
763;2015;35;2015-08-30;46;1
764;2015;36;2015-09-06;28;0
765;2015;37;2015-09-13;24;0
766;2015;38;2015-09-20;26;0
767;2015;39;2015-09-27;20;0
768;2015;40;2015-10-04;27;0
769;2015;41;2015-10-11;12;0
770;2015;42;2015-10-18;18;1
771;2015;43;2015-10-25;22;0
772;2015;44;2015-11-01;16;0
773;2015;45;2015-11-08;28;0
774;2015;46;2015-11-15;40;0
775;2015;47;2015-11-22;32;0
776;2015;48;2015-11-29;29;0
777;2015;49;2015-12-06;49;0
778;2015;50;2015-12-13;69;1
779;2015;51;2015-12-20;53;0
780;2015;52;2015-12-27;50;1
781;2016;1;2016-01-03;0;0
782;2016;2;2016-01-10;82;2
783;2016;3;2016-01-17;55;0
784;2016;4;2016-01-24;84;1
785;2016;5;2016-01-31;59;0
786;2016;6;2016-02-07;54;0
787;2016;7;2016-02-14;94;1
788;2016;8;2016-02-21;120;0
789;2016;9;2016-02-28;104;1
790;2016;10;2016-03-06;135;1
791;2016;11;2016-03-13;125;1
792;2016;12;2016-03-20;125;0
793;2016;13;2016-03-27;174;0
794;2016;14;2016-04-03;308;2
795;2016;15;2016-04-10;368;2
796;2016;16;2016-04-17;278;0
797;2016;17;2016-04-24;221;1
798;2016;18;2016-05-01;184;1
799;2016;19;2016-05-08;148;0
800;2016;20;2016-05-15;116;2
801;2016;21;2016-05-22;74;1
802;2016;22;2016-05-29;70;0
803;2016;23;2016-06-05;80;0
804;2016;24;2016-06-12;88;0
805;2016;25;2016-06-19;49;0
806;2016;26;2016-06-26;72;0
807;2016;27;2016-07-03;93;0
808;2016;28;2016-07-10;87;1
809;2016;29;2016-07-17;74;0
810;2016;30;2016-07-24;67;0
811;2016;31;2016-07-31;64;6
812;2016;32;2016-08-07;50;4
813;2016;33;2016-08-14;32;2
814;2016;34;2016-08-21;43;1
815;2016;35;2016-08-28;30;3
816;2016;36;2016-09-04;36;1
817;2016;37;2016-09-11;27;3
818;2016;38;2016-09-18;31;0
819;2016;39;2016-09-25;28;5
820;2016;40;2016-10-02;16;0
821;2016;41;2016-10-09;19;0
822;2016;42;2016-10-16;19;0
823;2016;43;2016-10-23;24;0
824;2016;44;2016-10-30;32;0
825;2016;45;2016-11-06;22;0
826;2016;46;2016-11-13;31;0
827;2016;47;2016-11-20;46;1
828;2016;48;2016-11-27;51;1
829;2016;49;2016-12-04;54;0
830;2016;50;2016-12-11;71;1
831;2016;51;2016-12-18;65;0
832;2016;52;2016-12-25;87;3
833;2017;1;2017-01-01;0;0
834;2017;2;2017-01-08;141;2
835;2017;3;2017-01-15;171;1
836;2017;4;2017-01-22;162;0
837;2017;5;2017-01-29;195;3
838;2017;6;2017-02-05;170;0
839;2017;7;2017-02-12;167;1
840;2017;8;2017-02-19;173;0
841;2017;9;2017-02-26;90;1
842;2017;10;2017-03-05;100;0
843;2017;11;2017-03-12;92;0
844;2017;12;2017-03-19;119;0
845;2017;13;2017-03-26;96;0
846;2017;14;2017-04-02;91;0
847;2017;15;2017-04-09;92;0
848;2017;16;2017-04-16;75;0
849;2017;17;2017-04-23;71;1
850;2017;18;2017-04-30;75;1
851;2017;19;2017-05-07;71;3
852;2017;20;2017-05-14;74;1
853;2017;21;2017-05-21;41;1
854;2017;22;2017-05-28;31;0
855;2017;23;2017-06-04;43;0
856;2017;24;2017-06-11;37;0
857;2017;25;2017-06-18;24;0
858;2017;26;2017-06-25;21;0
859;2017;27;2017-07-02;16;0
860;2017;28;2017-07-09;26;0
861;2017;29;2017-07-16;25;1
862;2017;30;2017-07-23;27;0
863;2017;31;2017-07-30;22;0
864;2017;32;2017-08-06;28;0
865;2017;33;2017-08-13;20;0
866;2017;34;2017-08-20;21;0
867;2017;35;2017-08-27;29;1
868;2017;36;2017-09-03;23;0
869;2017;37;2017-09-10;23;0
870;2017;38;2017-09-17;24;0
871;2017;39;2017-09-24;39;0
872;2017;40;2017-10-01;22;0
873;2017;41;2017-10-08;44;0
874;2017;42;2017-10-15;42;0
875;2017;43;2017-10-22;47;0
876;2017;44;2017-10-29;40;1
877;2017;45;2017-11-05;25;0
878;2017;46;2017-11-12;36;1
879;2017;47;2017-11-19;36;0
880;2017;48;2017-11-26;38;1
881;2017;49;2017-12-03;27;1
882;2017;50;2017-12-10;43;0
883;2017;51;2017-12-17;44;2
884;2017;52;2017-12-24;30;8
885;2018;1;2018-01-07;0;0
886;2018;2;2018-01-14;63;4
887;2018;3;2018-01-21;74;5
888;2018;4;2018-01-28;94;0
889;2018;5;2018-02-04;73;1
890;2018;6;2018-02-11;85;6
891;2018;7;2018-02-18;57;4
892;2018;8;2018-02-25;58;1
893;2018;9;2018-03-04;85;1
894;2018;10;2018-03-11;86;9
895;2018;11;2018-03-18;140;8
896;2018;12;2018-03-25;131;14
897;2018;13;2018-04-01;149;13
898;2018;14;2018-04-08;184;13
899;2018;15;2018-04-15;225;6
900;2018;16;2018-04-22;215;3
901;2018;17;2018-04-29;197;3
902;2018;18;2018-05-06;196;14
903;2018;19;2018-05-13;226;16
904;2018;20;2018-05-20;238;18
905;2018;21;2018-05-27;227;16
906;2018;22;2018-06-03;134;3
907;2018;23;2018-06-10;140;2
908;2018;24;2018-06-17;132;7
909;2018;25;2018-06-24;127;5
910;2018;26;2018-07-01;107;5
911;2018;27;2018-07-08;127;7
912;2018;28;2018-07-15;154;15
913;2018;29;2018-07-22;104;12
914;2018;30;2018-07-29;101;16
915;2018;31;2018-08-05;87;5
916;2018;32;2018-08-12;55;8
917;2018;33;2018-08-19;79;7
918;2018;34;2018-08-26;51;5
919;2018;35;2018-09-02;44;2
920;2018;36;2018-09-09;40;1
921;2018;37;2018-09-16;37;2
922;2018;38;2018-09-23;37;1
923;2018;39;2018-09-30;43;1
924;2018;40;2018-10-07;30;0
925;2018;41;2018-10-14;50;4
926;2018;42;2018-10-21;31;1
927;2018;43;2018-10-28;47;0
928;2018;44;2018-11-04;48;4
929;2018;45;2018-11-11;38;0
930;2018;46;2018-11-18;52;0
931;2018;47;2018-11-25;50;1
932;2018;48;2018-12-02;44;1
933;2018;49;2018-12-09;72;2
934;2018;50;2018-12-16;90;4
935;2018;51;2018-12-23;88;6
936;2018;52;2018-12-30;68;0
937;2019;1;2019-01-06;0;0
938;2019;2;2019-01-13;150;2
939;2019;3;2019-01-20;127;5
940;2019;4;2019-01-27;151;9
941;2019;5;2019-02-03;144;4
942;2019;6;2019-02-10;124;6
943;2019;7;2019-02-17;114;4
944;2019;8;2019-02-24;129;2
945;2019;9;2019-03-03;126;6
946;2019;10;2019-03-10;103;3
947;2019;11;2019-03-17;156;5
948;2019;12;2019-03-24;277;5
949;2019;13;2019-03-31;373;16
950;2019;14;2019-04-07;536;8
951;2019;15;2019-04-14;782;9
952;2019;16;2019-04-21;887;15
953;2019;17;2019-04-28;922;8
954;2019;18;2019-05-05;1073;16
955;2019;19;2019-05-12;1195;16
956;2019;20;2019-05-19;1371;15
957;2019;21;2019-05-26;1176;22
958;2019;22;2019-06-02;1129;12
959;2019;23;2019-06-09;896;9
960;2019;24;2019-06-16;715;11
961;2019;25;2019-06-23;544;4
962;2019;26;2019-06-30;404;1
963;2019;27;2019-07-07;364;5
964;2019;28;2019-07-14;342;2
965;2019;29;2019-07-21;203;2
966;2019;30;2019-07-28;158;1
967;2019;31;2019-08-04;105;1
968;2019;32;2019-08-11;116;3
969;2019;33;2019-08-18;100;2
970;2019;34;2019-08-25;90;3
971;2019;35;2019-09-01;50;2
972;2019;36;2019-09-08;49;2
973;2019;37;2019-09-15;40;0
974;2019;38;2019-09-22;45;0
975;2019;39;2019-09-29;51;0
976;2019;40;2019-10-06;33;0
977;2019;41;2019-10-13;56;6
978;2019;42;2019-10-20;50;1
979;2019;43;2019-10-27;51;0
980;2019;44;2019-11-03;49;4
981;2019;45;2019-11-10;29;3
982;2019;46;2019-11-17;49;3
983;2019;47;2019-11-24;39;0
984;2019;48;2019-12-01;37;1
985;2019;49;2019-12-08;42;0
986;2019;50;2019-12-15;32;0
987;2019;51;2019-12-22;46;3
988;2019;52;2019-12-29;37;2
989;2020;1;2020-01-05;0;0
990;2020;2;2020-01-12;58;3
991;2020;3;2020-01-19;72;2
992;2020;4;2020-01-26;65;1
993;2020;5;2020-02-02;50;0
994;2020;6;2020-02-09;55;4
995;2020;7;2020-02-16;41;0
996;2020;8;2020-02-23;51;0
997;2020;9;2020-03-01;44;0
998;2020;10;2020-03-08;39;2
999;2020;11;2020-03-15;48;0
1000;2020;12;2020-03-22;39;1
1001;2020;13;2020-03-29;21;1
1002;2020;14;2020-04-05;28;1
1003;2020;15;2020-04-12;27;0
1004;2020;16;2020-04-19;14;0
1005;2020;17;2020-04-26;20;1
1006;2020;18;2020-05-03;17;0
1007;2020;19;2020-05-10;16;0
1008;2020;20;2020-05-17;18;2
1009;2020;21;2020-05-24;7;0
1010;2020;22;2020-05-31;6;0
1011;2020;23;2020-06-07;5;2
1012;2020;24;2020-06-14;5;0
1013;2020;25;2020-06-21;8;0
1014;2020;26;2020-06-28;7;0
1015;2020;27;2020-07-05;7;0
1016;2020;28;2020-07-12;7;0
1017;2020;29;2020-07-19;9;0
1018;2020;30;2020-07-26;9;0
1019;2020;31;2020-08-02;9;0
1020;2020;32;2020-08-09;6;0
1021;2020;33;2020-08-16;8;0
1022;2020;34;2020-08-23;8;0
1023;2020;35;2020-08-30;4;1
1024;2020;36;2020-09-06;6;0
1025;2020;37;2020-09-13;3;0
1026;2020;38;2020-09-20;4;0
1027;2020;39;2020-09-27;6;1
1028;2020;40;2020-10-04;7;0
1029;2020;41;2020-10-11;3;0
1030;2020;42;2020-10-18;8;0
1031;2020;43;2020-10-25;4;0
1032;2020;44;2020-11-01;14;0
1033;2020;45;2020-11-08;4;0
1034;2020;46;2020-11-15;5;0
1035;2020;47;2020-11-22;7;0
1036;2020;48;2020-11-29;5;1
1037;2020;49;2020-12-06;8;2
1038;2020;50;2020-12-13;9;1
1039;2020;51;2020-12-20;4;0
1040;2020;52;2020-12-27;4;0
1041;2021;1;2021-01-03;0;0
1042;2021;2;2021-01-10;5;0
1043;2021;3;2021-01-17;6;0
1044;2021;4;2021-01-24;5;0
1045;2021;5;2021-01-31;20;0
1046;2021;6;2021-02-07;17;0
1047;2021;7;2021-02-14;12;0
1048;2021;8;2021-02-21;11;0
1049;2021;9;2021-02-28;21;0
1050;2021;10;2021-03-07;13;0
1051;2021;11;2021-03-14;20;0
1052;2021;12;2021-03-21;29;0
1053;2021;13;2021-03-28;28;0
1054;2021;14;2021-04-04;34;0
1055;2021;15;2021-04-11;43;0
1056;2021;16;2021-04-18;43;0
1057;2021;17;2021-04-25;21;0
1058;2021;18;2021-05-02;34;0
1059;2021;19;2021-05-09;19;0
1060;2021;20;2021-05-16;28;0
1061;2021;21;2021-05-23;45;0
1062;2021;22;2021-05-30;36;0
1063;2021;23;2021-06-06;33;0
1064;2021;24;2021-06-13;26;0
1065;2021;25;2021-06-20;23;0
1066;2021;26;2021-06-27;15;0
1067;2021;27;2021-07-04;25;0
1068;2021;28;2021-07-11;21;0
1069;2021;29;2021-07-18;15;0
1070;2021;30;2021-07-25;15;0
1071;2021;31;2021-08-01;6;0
1072;2021;32;2021-08-08;8;0
1073;2021;33;2021-08-15;7;0
1074;2021;34;2021-08-22;8;0
1075;2021;35;2021-08-29;12;0
1076;2021;36;2021-09-05;11;0
1077;2021;37;2021-09-12;8;0
1078;2021;38;2021-09-19;6;0
1079;2021;39;2021-09-26;3;0
1080;2021;40;2021-10-03;6;0
1081;2021;41;2021-10-10;4;0
1082;2021;42;2021-10-17;6;0
1083;2021;43;2021-10-24;5;0
1084;2021;44;2021-10-31;2;0
1085;2021;45;2021-11-07;4;0
1086;2021;46;2021-11-14;3;0
1087;2021;47;2021-11-21;15;0
1088;2021;48;2021-11-28;13;0
1089;2021;49;2021-12-05;17;0
1090;2021;50;2021-12-12;15;0
1091;2021;51;2021-12-19;5;0
1092;2021;52;2021-12-26;3;0
